gp_id	kind	status	path	last_modified
GP-011	seam	active	research_areas/seams/engine/grammar/GP-011_derived_constraints_lane_seam.md	2026-04-21
GP-011	spec	active	research_areas/specs/active/engine/grammar/GP-011_derived_constraints_lane_spec.md	2026-04-11
GP-020	seam	active	research_areas/seams/apparatus/supervisor/GP-020_supervising_agent_closure_discipline_seam.md	2026-04-15
GP-020	spec	active	research_areas/private/specs/active/apparatus/supervisor/GP-020_supervising_agent_closure_discipline_spec.md	2026-04-12
GP-021	seam	active	research_areas/seams/engine/grammar/GP-021_topological_pivot_heuristics_seam.md	2026-04-10
GP-021	spec	active	research_areas/specs/active/engine/grammar/GP-021_topological_pivot_heuristics_spec.md	2026-04-10
GP-022	seam	active	research_areas/seams/apparatus/instrumentation/GP-022_forecast_project_typing_seam.md	2026-04-10
GP-022	spec	active	research_areas/specs/active/apparatus/instrumentation/GP-022_forecast_project_typing_spec.md	2026-04-10
GP-023	other	active	research_areas/catch_grammar/probes/probe_01_gp023_seam.md	2026-04-10
GP-023	other	active	research_areas/catch_grammar/probes/probe_02_gp023_pre_registration.md	2026-04-10
GP-023	other	active	research_areas/private/gp023_contamination_audit_01.md	2026-04-10
GP-023	postmortem	active	research_areas/private/postmortems/gp023_phase2_classification_correction_2026_04_12.md	2026-04-12
GP-023	postmortem	active	research_areas/private/postmortems/gp023_phase3_prompt_surface_contamination_2026_04_12.md	2026-04-13
GP-023	project	active	projects/gp023_crucial_01	2026-04-18
GP-023	project	active	projects/gp023_crucial_01/history/1776516560_iter0_score_0_gp023_crucial_01.md	2026-04-18
GP-023	project	active	projects/gp023_crucial_01/history/1776516560_iter0_score_0_gp023_crucial_01_dag.json	2026-04-18
GP-023	project	active	projects/gp023_crucial_01/history/1776516560_iter0_score_0_gp023_crucial_01_meta.json	2026-04-18
GP-023	project	active	projects/gp023_crucial_01/history/1776516560_iter11_score_93_gp023_crucial_01.md	2026-04-18
GP-023	project	active	projects/gp023_crucial_01/history/1776516560_iter11_score_93_gp023_crucial_01_dag.json	2026-04-18
GP-023	project	active	projects/gp023_crucial_01/history/1776516560_iter11_score_93_gp023_crucial_01_meta.json	2026-04-18
GP-023	project	active	projects/gp023_crucial_01/history/1776516560_iter14_score_94_gp023_crucial_01.md	2026-04-18
GP-023	project	active	projects/gp023_crucial_01/history/1776516560_iter14_score_94_gp023_crucial_01_dag.json	2026-04-18
GP-023	project	active	projects/gp023_crucial_01/history/1776516560_iter14_score_94_gp023_crucial_01_meta.json	2026-04-18
GP-023	project	active	projects/gp023_crucial_01/history/1776516560_iter15_score_97_gp023_crucial_01.md	2026-04-18
GP-023	project	active	projects/gp023_crucial_01/history/1776516560_iter15_score_97_gp023_crucial_01_dag.json	2026-04-18
GP-023	project	active	projects/gp023_crucial_01/history/1776516560_iter15_score_97_gp023_crucial_01_meta.json	2026-04-18
GP-023	project	active	projects/gp023_crucial_01/history/1776516560_iter1_score_73_gp023_crucial_01.md	2026-04-18
GP-023	project	active	projects/gp023_crucial_01/history/1776516560_iter1_score_73_gp023_crucial_01_dag.json	2026-04-18
GP-023	project	active	projects/gp023_crucial_01/history/1776516560_iter1_score_73_gp023_crucial_01_meta.json	2026-04-18
GP-023	project	active	projects/gp023_crucial_01/history/1776516560_iter3_score_88_gp023_crucial_01.md	2026-04-18
GP-023	project	active	projects/gp023_crucial_01/history/1776516560_iter3_score_88_gp023_crucial_01_dag.json	2026-04-18
GP-023	project	active	projects/gp023_crucial_01/history/1776516560_iter3_score_88_gp023_crucial_01_meta.json	2026-04-18
GP-023	project	active	projects/gp023_crucial_02	2026-04-18
GP-023	project	active	projects/gp023_crucial_02/history/1776520755_iter0_score_0_gp023_crucial_02.md	2026-04-18
GP-023	project	active	projects/gp023_crucial_02/history/1776520755_iter0_score_0_gp023_crucial_02_dag.json	2026-04-18
GP-023	project	active	projects/gp023_crucial_02/history/1776520755_iter0_score_0_gp023_crucial_02_meta.json	2026-04-18
GP-023	project	active	projects/gp023_crucial_02/history/1776520755_iter6_score_88_gp023_crucial_02.md	2026-04-18
GP-023	project	active	projects/gp023_crucial_02/history/1776520755_iter6_score_88_gp023_crucial_02_dag.json	2026-04-18
GP-023	project	active	projects/gp023_crucial_02/history/1776520755_iter6_score_88_gp023_crucial_02_meta.json	2026-04-18
GP-023	project	active	projects/gp023_crucial_02_extended	2026-04-18
GP-023	project	active	projects/gp023_crucial_02_extended/history/1776525741_iter0_score_88_gp023_crucial_02_extended.md	2026-04-18
GP-023	project	active	projects/gp023_crucial_02_extended/history/1776525741_iter0_score_88_gp023_crucial_02_extended_dag.json	2026-04-18
GP-023	project	active	projects/gp023_crucial_02_extended/history/1776525741_iter0_score_88_gp023_crucial_02_extended_meta.json	2026-04-18
GP-023	project	active	projects/gp023_crucial_02_extended/history/1776525741_iter17_score_93_gp023_crucial_02_extended.md	2026-04-18
GP-023	project	active	projects/gp023_crucial_02_extended/history/1776525741_iter17_score_93_gp023_crucial_02_extended_dag.json	2026-04-18
GP-023	project	active	projects/gp023_crucial_02_extended/history/1776525741_iter17_score_93_gp023_crucial_02_extended_meta.json	2026-04-18
GP-023	project	active	projects/gp023_crucial_02_extended/history/1776525741_iter8_score_92_gp023_crucial_02_extended.md	2026-04-18
GP-023	project	active	projects/gp023_crucial_02_extended/history/1776525741_iter8_score_92_gp023_crucial_02_extended_dag.json	2026-04-18
GP-023	project	active	projects/gp023_crucial_02_extended/history/1776525741_iter8_score_92_gp023_crucial_02_extended_meta.json	2026-04-18
GP-023	project	active	projects/gp023_crucial_03	2026-04-18
GP-023	project	active	projects/gp023_crucial_03/history/1776528803_iter0_score_52_gp023_crucial_03_01.md	2026-04-18
GP-023	project	active	projects/gp023_crucial_03/history/1776528803_iter0_score_52_gp023_crucial_03_01_dag.json	2026-04-18
GP-023	project	active	projects/gp023_crucial_03/history/1776528803_iter0_score_52_gp023_crucial_03_01_meta.json	2026-04-18
GP-023	project	active	projects/gp023_crucial_03/history/1776528803_iter4_score_77_gp023_crucial_03_01.md	2026-04-18
GP-023	project	active	projects/gp023_crucial_03/history/1776528803_iter4_score_77_gp023_crucial_03_01_dag.json	2026-04-18
GP-023	project	active	projects/gp023_crucial_03/history/1776528803_iter4_score_77_gp023_crucial_03_01_meta.json	2026-04-18
GP-023	project	active	projects/gp023_crucial_03/history/1776528803_iter5_score_80_gp023_crucial_03_01.md	2026-04-18
GP-023	project	active	projects/gp023_crucial_03/history/1776528803_iter5_score_80_gp023_crucial_03_01_dag.json	2026-04-18
GP-023	project	active	projects/gp023_crucial_03/history/1776528803_iter5_score_80_gp023_crucial_03_01_meta.json	2026-04-18
GP-023	project	active	projects/gp023_crucial_03/history/1776528803_iter6_score_88_gp023_crucial_03_01.md	2026-04-18
GP-023	project	active	projects/gp023_crucial_03/history/1776528803_iter6_score_88_gp023_crucial_03_01_dag.json	2026-04-18
GP-023	project	active	projects/gp023_crucial_03/history/1776528803_iter6_score_88_gp023_crucial_03_01_meta.json	2026-04-18
GP-023	project	active	projects/gp023_planck_sandbox_01	2026-04-11
GP-023	project	active	projects/gp023_planck_sandbox_01/history/1775871120_iter0_score_0_gp023_planck_sandbox_01.md	2026-04-11
GP-023	project	active	projects/gp023_planck_sandbox_01/history/1775871120_iter0_score_0_gp023_planck_sandbox_01_dag.json	2026-04-11
GP-023	project	active	projects/gp023_planck_sandbox_01/history/1775871120_iter0_score_0_gp023_planck_sandbox_01_meta.json	2026-04-11
GP-023	project	active	projects/gp023_planck_sandbox_01/history/1775911536_iter0_score_40_gp023_planck_sandbox_01.md	2026-04-11
GP-023	project	active	projects/gp023_planck_sandbox_01/history/1775911536_iter0_score_40_gp023_planck_sandbox_01_dag.json	2026-04-11
GP-023	project	active	projects/gp023_planck_sandbox_01/history/1775911536_iter0_score_40_gp023_planck_sandbox_01_meta.json	2026-04-11
GP-023	project	active	projects/gp023_planck_sandbox_01/history/1775911536_iter1_score_58_gp023_planck_sandbox_01.md	2026-04-11
GP-023	project	active	projects/gp023_planck_sandbox_01/history/1775911536_iter1_score_58_gp023_planck_sandbox_01_dag.json	2026-04-11
GP-023	project	active	projects/gp023_planck_sandbox_01/history/1775911536_iter1_score_58_gp023_planck_sandbox_01_meta.json	2026-04-11
GP-023	project	active	projects/gp023_planck_sandbox_01/history/1775911536_iter2_score_70_gp023_planck_sandbox_01.md	2026-04-11
GP-023	project	active	projects/gp023_planck_sandbox_01/history/1775911536_iter2_score_70_gp023_planck_sandbox_01_dag.json	2026-04-11
GP-023	project	active	projects/gp023_planck_sandbox_01/history/1775911536_iter2_score_70_gp023_planck_sandbox_01_meta.json	2026-04-11
GP-023	project	active	projects/gp023_planck_sandbox_01/history/1775911536_iter4_score_95_gp023_planck_sandbox_01.md	2026-04-11
GP-023	project	active	projects/gp023_planck_sandbox_01/history/1775911536_iter4_score_95_gp023_planck_sandbox_01_dag.json	2026-04-11
GP-023	project	active	projects/gp023_planck_sandbox_01/history/1775911536_iter4_score_95_gp023_planck_sandbox_01_meta.json	2026-04-11
GP-023	project	active	projects/gp023_planck_sandbox_02	2026-04-13
GP-023	project	active	projects/gp023_planck_sandbox_02/history/1775935024_iter0_score_0_gp023_planck_sandbox_02.md	2026-04-11
GP-023	project	active	projects/gp023_planck_sandbox_02/history/1775935024_iter0_score_0_gp023_planck_sandbox_02_dag.json	2026-04-11
GP-023	project	active	projects/gp023_planck_sandbox_02/history/1775935024_iter0_score_0_gp023_planck_sandbox_02_meta.json	2026-04-11
GP-023	project	active	projects/gp023_planck_sandbox_03	2026-04-13
GP-023	project	active	projects/gp023_planck_sandbox_03/history/1776046185_iter0_score_0_gp023_planck_sandbox_03.md	2026-04-13
GP-023	project	active	projects/gp023_planck_sandbox_03/history/1776046185_iter0_score_0_gp023_planck_sandbox_03_dag.json	2026-04-13
GP-023	project	active	projects/gp023_planck_sandbox_03/history/1776046185_iter0_score_0_gp023_planck_sandbox_03_meta.json	2026-04-13
GP-023	project	active	projects/gp023_planck_sandbox_03/history/1776046185_iter13_score_50_gp023_planck_sandbox_03.md	2026-04-13
GP-023	project	active	projects/gp023_planck_sandbox_03/history/1776046185_iter13_score_50_gp023_planck_sandbox_03_dag.json	2026-04-13
GP-023	project	active	projects/gp023_planck_sandbox_03/history/1776046185_iter13_score_50_gp023_planck_sandbox_03_meta.json	2026-04-13
GP-023	project	active	projects/gp023_planck_sandbox_04	2026-04-14
GP-023	project	active	projects/gp023_planck_sandbox_04/history/1776097298_iter0_score_0_gp023_planck_sandbox_04.md	2026-04-13
GP-023	project	active	projects/gp023_planck_sandbox_04/history/1776097298_iter0_score_0_gp023_planck_sandbox_04_dag.json	2026-04-13
GP-023	project	active	projects/gp023_planck_sandbox_04/history/1776097298_iter0_score_0_gp023_planck_sandbox_04_meta.json	2026-04-13
GP-023	project	active	projects/gp023_planck_sandbox_04/history/1776128378_iter1_score_50_gp023_planck_sandbox_04.md	2026-04-14
GP-023	project	active	projects/gp023_planck_sandbox_04/history/1776128378_iter1_score_50_gp023_planck_sandbox_04_dag.json	2026-04-14
GP-023	project	active	projects/gp023_planck_sandbox_04/history/1776128378_iter1_score_50_gp023_planck_sandbox_04_meta.json	2026-04-14
GP-023	project	active	projects/gp023_planck_sandbox_05	2026-04-14
GP-023	project	active	projects/gp023_planck_sandbox_05/history/1776139050_iter0_score_0_gp023_planck_sandbox_05.md	2026-04-14
GP-023	project	active	projects/gp023_planck_sandbox_05/history/1776139050_iter0_score_0_gp023_planck_sandbox_05_dag.json	2026-04-14
GP-023	project	active	projects/gp023_planck_sandbox_05/history/1776139050_iter0_score_0_gp023_planck_sandbox_05_meta.json	2026-04-14
GP-023	project	active	projects/gp023_planck_sandbox_05/history/1776139050_iter1_score_50_gp023_planck_sandbox_05.md	2026-04-14
GP-023	project	active	projects/gp023_planck_sandbox_05/history/1776139050_iter1_score_50_gp023_planck_sandbox_05_dag.json	2026-04-14
GP-023	project	active	projects/gp023_planck_sandbox_05/history/1776139050_iter1_score_50_gp023_planck_sandbox_05_meta.json	2026-04-14
GP-023	project	active	projects/gp023_planck_sandbox_06	2026-04-14
GP-023	project	active	projects/gp023_planck_sandbox_06/_frozen_reference/GP-023_sandbox06_identifiability_hardening_seam.md	2026-04-14
GP-023	project	active	projects/gp023_planck_sandbox_06/history/1776193855_iter0_score_0_gp023_planck_sandbox_06.md	2026-04-14
GP-023	project	active	projects/gp023_planck_sandbox_06/history/1776193855_iter0_score_0_gp023_planck_sandbox_06_dag.json	2026-04-14
GP-023	project	active	projects/gp023_planck_sandbox_06/history/1776193855_iter0_score_0_gp023_planck_sandbox_06_meta.json	2026-04-14
GP-023	project	active	projects/gp023_planck_sandbox_06/history/1776201692_iter2_score_57_gp023_planck_sandbox_06.md	2026-04-14
GP-023	project	active	projects/gp023_planck_sandbox_06/history/1776201692_iter2_score_57_gp023_planck_sandbox_06_dag.json	2026-04-14
GP-023	project	active	projects/gp023_planck_sandbox_06/history/1776201692_iter2_score_57_gp023_planck_sandbox_06_meta.json	2026-04-14
GP-023	project	active	projects/gp023_planck_sandbox_06/history/1776201692_iter4_score_67_gp023_planck_sandbox_06.md	2026-04-14
GP-023	project	active	projects/gp023_planck_sandbox_06/history/1776201692_iter4_score_67_gp023_planck_sandbox_06_dag.json	2026-04-14
GP-023	project	active	projects/gp023_planck_sandbox_06/history/1776201692_iter4_score_67_gp023_planck_sandbox_06_meta.json	2026-04-14
GP-023	project	active	projects/gp023_planck_sandbox_06/history/1776201692_iter9_score_83_gp023_planck_sandbox_06.md	2026-04-14
GP-023	project	active	projects/gp023_planck_sandbox_06/history/1776201692_iter9_score_83_gp023_planck_sandbox_06_dag.json	2026-04-14
GP-023	project	active	projects/gp023_planck_sandbox_06/history/1776201692_iter9_score_83_gp023_planck_sandbox_06_meta.json	2026-04-14
GP-023	project	active	projects/gp023_planck_sandbox_07	2026-04-15
GP-023	project	active	projects/gp023_planck_sandbox_07/history/1776210413_iter0_score_0_gp023_planck_sandbox_07.md	2026-04-14
GP-023	project	active	projects/gp023_planck_sandbox_07/history/1776210413_iter0_score_0_gp023_planck_sandbox_07_dag.json	2026-04-14
GP-023	project	active	projects/gp023_planck_sandbox_07/history/1776210413_iter0_score_0_gp023_planck_sandbox_07_meta.json	2026-04-14
GP-023	project	active	projects/gp023_planck_sandbox_08	2026-04-15
GP-023	project	active	projects/gp023_planck_sandbox_08/history/1776220938_iter0_score_0_gp023_planck_sandbox_08.md	2026-04-15
GP-023	project	active	projects/gp023_planck_sandbox_08/history/1776220938_iter0_score_0_gp023_planck_sandbox_08_dag.json	2026-04-15
GP-023	project	active	projects/gp023_planck_sandbox_08/history/1776220938_iter0_score_0_gp023_planck_sandbox_08_meta.json	2026-04-15
GP-023	project	active	projects/gp023_planck_sandbox_09	2026-04-15
GP-023	project	active	projects/gp023_sandbox_09	2026-04-15
GP-023	project	active	projects/gp023_sandbox_09/history/1776257539_iter0_score_0_gp023_sandbox_09.md	2026-04-15
GP-023	project	active	projects/gp023_sandbox_09/history/1776257539_iter0_score_0_gp023_sandbox_09_dag.json	2026-04-15
GP-023	project	active	projects/gp023_sandbox_09/history/1776257539_iter0_score_0_gp023_sandbox_09_meta.json	2026-04-15
GP-023	project	active	projects/gp023_sandbox_09/history/1776257539_iter1_score_50_gp023_sandbox_09.md	2026-04-15
GP-023	project	active	projects/gp023_sandbox_09/history/1776257539_iter1_score_50_gp023_sandbox_09_dag.json	2026-04-15
GP-023	project	active	projects/gp023_sandbox_09/history/1776257539_iter1_score_50_gp023_sandbox_09_meta.json	2026-04-15
GP-023	project	active	projects/gp023_sandbox_09/history/1776258959_iter1_score_100_gp023_sandbox_09.md	2026-04-15
GP-023	project	active	projects/gp023_sandbox_09/history/1776258959_iter1_score_100_gp023_sandbox_09_dag.json	2026-04-15
GP-023	project	active	projects/gp023_sandbox_09/history/1776258959_iter1_score_100_gp023_sandbox_09_meta.json	2026-04-15
GP-023	project	active	projects/gp023_sandbox_10	2026-04-18
GP-023	rubric	active	rubrics/dynamic_gp023_planck_sandbox_01.json	2026-04-11
GP-023	rubric	active	rubrics/gp023_crucial_01.json	2026-04-18
GP-023	rubric	active	rubrics/gp023_crucial_02.json	2026-04-18
GP-023	rubric	active	rubrics/gp023_crucial_02_extended.json	2026-04-18
GP-023	rubric	active	rubrics/gp023_crucial_03_01.json	2026-04-18
GP-023	rubric	active	rubrics/gp023_planck_sandbox_01.json	2026-04-10
GP-023	rubric	active	rubrics/gp023_planck_sandbox_02.json	2026-04-11
GP-023	rubric	active	rubrics/gp023_planck_sandbox_03.json	2026-04-13
GP-023	rubric	active	rubrics/gp023_planck_sandbox_04.json	2026-04-13
GP-023	rubric	active	rubrics/gp023_planck_sandbox_05.json	2026-04-14
GP-023	rubric	active	rubrics/gp023_planck_sandbox_06.json	2026-04-14
GP-023	rubric	active	rubrics/gp023_planck_sandbox_07.json	2026-04-14
GP-023	rubric	active	rubrics/gp023_planck_sandbox_08.json	2026-04-15
GP-023	rubric	active	rubrics/gp023_sandbox_09.json	2026-04-15
GP-023	seam	active	research_areas/private/seams/substrates/planck/GP-023_ontology_trap_planck_mechanism_seam.md	2026-04-14
GP-023	seam	active	research_areas/private/seams/substrates/planck/GP-023_planck_sandbox_07_blind_eml_inversion_design.md	2026-04-14
GP-023	seam	active	research_areas/private/seams/substrates/planck/GP-023_planck_sandbox_07_closure.md	2026-04-15
GP-023	seam	active	research_areas/private/seams/substrates/planck/GP-023_planck_sandbox_07_pre_registration.md	2026-04-14
GP-023	seam	active	research_areas/private/seams/substrates/planck/GP-023_planck_sandbox_08_closure.md	2026-04-15
GP-023	seam	active	research_areas/private/seams/substrates/planck/GP-023_planck_sandbox_08_pre_registration.md	2026-04-15
GP-023	seam	active	research_areas/private/seams/substrates/planck/GP-023_planck_sandbox_09_pre_registration_RETIRED_2026-04-15.md	2026-04-15
GP-023	seam	active	research_areas/private/seams/substrates/planck/GP-023_sandbox06_identifiability_hardening_seam.md	2026-04-14
GP-023	seam	active	research_areas/private/seams/substrates/planck/GP-023_sandbox_09_post_run_audit.md	2026-04-15
GP-023	seam	active	research_areas/private/seams/substrates/planck/GP-023_sandbox_09_pre_registration.md	2026-04-15
GP-023	seam	active	research_areas/private/seams/substrates/planck/GP-023_sandbox_10_nesting_collapse_audit.md	2026-04-15
GP-023	seam	active	research_areas/private/seams/substrates/planck/GP-023_sandbox_10_post_run_audit.md	2026-04-15
GP-023	seam	active	research_areas/private/seams/substrates/planck/GP-023_sandbox_10_pre_registration.md	2026-04-15
GP-023	seam	active	research_areas/private/seams/substrates/planck/gp023_sandbox_09_generator.py	2026-04-15
GP-023	seam	active	research_areas/private/seams/substrates/planck/gp023_sandbox_10_generator.py	2026-04-15
GP-023	seam	active	research_areas/private/seams/substrates/planck/gp023_sandbox_10_identifiability.py	2026-04-15
GP-023	seam	active	research_areas/seams/substrates/planck/GP-023_planck_pre_registration.md	2026-04-11
GP-023	seam	active	research_areas/seams/substrates/planck/GP-023_planck_sandbox_02_pre_registration.md	2026-04-11
GP-023	seam	active	research_areas/seams/substrates/planck/GP-023_planck_sandbox_03_pre_registration.md	2026-04-13
GP-023	seam	active	research_areas/seams/substrates/planck/GP-023_planck_sandbox_04_pre_registration.md	2026-04-13
GP-023	seam	active	research_areas/seams/substrates/planck/GP-023_planck_sandbox_05_pre_registration.md	2026-04-14
GP-023	spec	active	research_areas/private/specs/active/substrates/planck/GP-023_ontology_trap_planck_mechanism_spec.md	2026-04-13
GP-024	seam	active	research_areas/private/seams/apparatus/instrumentation/GP-024_persistent_research_workspace_seam.md	2026-04-10
GP-025	seam	active	research_areas/seams/engine/mutator/GP-025_operator_patching_vs_mutation_seam.md	2026-04-15
GP-025	spec	active	research_areas/private/specs/active/engine/mutator/GP-025_operator_patching_vs_mutation_spec.md	2026-04-12
GP-026	seam	active	research_areas/seams/apparatus/supervisor/GP-026_runner_no_suite_rejection_seam.md	2026-04-11
GP-026	spec	active	research_areas/specs/active/apparatus/supervisor/GP-026_runner_no_suite_rejection_spec.md	2026-04-11
GP-027	seam	active	research_areas/seams/apparatus/instrumentation/GP-027_evidence_compile_reuse_seam.md	2026-04-11
GP-027	spec	active	research_areas/specs/active/apparatus/instrumentation/GP-027_evidence_compile_reuse_spec.md	2026-04-11
GP-028	seam	active	research_areas/seams/engine/mutator/GP-028_speculative_hypothesis_lane_seam.md	2026-04-11
GP-028	spec	active	research_areas/private/specs/active/engine/mutator/GP-028_speculative_hypothesis_lane_spec.md	2026-04-12
GP-029	seam	active	research_areas/seams/apparatus/instrumentation/GP-029_latent_distance_observability_seam.md	2026-04-15
GP-030	seam	active	research_areas/private/seams/engine/mutator/GP-030_deterministic_charter_gate_seam.md	2026-04-12
GP-031	seam	active	research_areas/private/seams/apparatus/supervisor/GP-031_findings_birth_bridge_seam.md	2026-04-11
GP-032	other	active	research_areas/private/planning/gp032_operational_memo.md	2026-04-12
GP-032	seam	active	research_areas/private/seams/apparatus/instrumentation/GP-032_epistemic_throughput_unit_economics_seam.md	2026-04-13
GP-033	seam	active	research_areas/private/seams/apparatus/instrumentation/GP-033_multi_project_synthesis_generalization_seam.md	2026-04-11
GP-033	spec	active	research_areas/private/specs/active/apparatus/instrumentation/GP-033_multi_project_synthesis_generalization_spec.md	2026-04-11
GP-034	seam	active	research_areas/private/seams/engine/mutator/GP-034_loop_control_blind_to_latent_distance_seam.md	2026-04-12
GP-035	seam	active	research_areas/private/seams/engine/grammar/GP-035_mutator_missing_fit_primitive_seam.md	2026-04-18
GP-035	spec	active	research_areas/private/specs/active/engine/grammar/GP-035_mutator_fit_primitive_spec.md	2026-04-12
GP-036	seam	active	research_areas/private/seams/apparatus/supervisor/GP-036_findings_runner_supervisor_convergence_seam.md	2026-04-15
GP-036	spec	active	research_areas/private/specs/active/apparatus/supervisor/GP-036_findings_runner_supervisor_convergence_spec.md	2026-04-17
GP-037	postmortem	active	research_areas/private/postmortems/gp037_invalid_smoke_contract_failure_2026_04_12.md	2026-04-12
GP-037	project	active	projects/gp037_substrate_swap_01	2026-04-12
GP-037	project	active	projects/gp037_substrate_swap_01/history/1776000060_iter0_score_0_gp037_substrate_swap_01.md	2026-04-12
GP-037	project	active	projects/gp037_substrate_swap_01/history/1776000060_iter0_score_0_gp037_substrate_swap_01_dag.json	2026-04-12
GP-037	project	active	projects/gp037_substrate_swap_01/history/1776000060_iter0_score_0_gp037_substrate_swap_01_meta.json	2026-04-12
GP-037	project	active	projects/gp037_substrate_swap_01/history/1776003304_iter0_score_0_gp037_substrate_swap_01.md	2026-04-12
GP-037	project	active	projects/gp037_substrate_swap_01/history/1776003304_iter0_score_0_gp037_substrate_swap_01_dag.json	2026-04-12
GP-037	project	active	projects/gp037_substrate_swap_01/history/1776003304_iter0_score_0_gp037_substrate_swap_01_meta.json	2026-04-12
GP-037	rubric	active	rubrics/gp037_substrate_swap_01.json	2026-04-12
GP-037	seam	active	research_areas/seams/protocol/GP-037_substrate_swap_01_pre_registration.md	2026-04-12
GP-037	seam	active	research_areas/seams/protocol/GP-037_substrate_swap_3b_seam.md	2026-04-12
GP-038	seam	active	research_areas/private/seams/apparatus/instrumentation/GP-038_tail_cycle_time_instrumentation_seam.md	2026-04-18
GP-038	spec	active	research_areas/private/specs/active/apparatus/instrumentation/GP-038-040_shared_iteration_telemetry_spec.md	2026-04-18
GP-039	seam	active	research_areas/private/seams/apparatus/cage/GP-039_gate_library_formalization_seam.md	2026-04-12
GP-039	spec	active	research_areas/private/specs/active/apparatus/cage/GP-039_gate_library_formalization_spec.md	2026-04-12
GP-040	seam	active	research_areas/private/seams/apparatus/instrumentation/GP-040_throughput_instrumentation_seam.md	2026-04-18
GP-041	seam	active	research_areas/seams/engine/grammar/GP-041_form_family_escape_seam.md	2026-04-12
GP-042	project	active	projects/gp042_structural_memory_01	2026-04-12
GP-042	project	active	projects/gp042_structural_memory_01/history/1776027402_iter0_score_0_gp042_structural_memory_01.md	2026-04-12
GP-042	project	active	projects/gp042_structural_memory_01/history/1776027402_iter0_score_0_gp042_structural_memory_01_dag.json	2026-04-12
GP-042	project	active	projects/gp042_structural_memory_01/history/1776027402_iter0_score_0_gp042_structural_memory_01_meta.json	2026-04-12
GP-042	rubric	active	rubrics/gp042_structural_memory_01.json	2026-04-12
GP-042	seam	active	research_areas/private/seams/engine/mutator/GP-042_mutator_structural_diversity_seam.md	2026-04-12
GP-042	seam	active	research_areas/private/seams/substrates/corrector/GP-042_structural_memory_01_pre_registration.md	2026-04-12
GP-043	project	active	projects/gp043_post_escape_cleanup_01	2026-04-12
GP-043	rubric	active	rubrics/gp043_post_escape_cleanup_01.json	2026-04-12
GP-043	seam	active	research_areas/seams/substrates/corrector/GP-043_post_escape_semantic_cleanup_01_pre_registration.md	2026-04-12
GP-043	seam	active	research_areas/seams/substrates/corrector/GP-043_post_escape_semantic_cleanup_seam.md	2026-04-12
GP-044	project	active	projects/gp044_psi_dependent_floor_01	2026-04-12
GP-044	rubric	active	rubrics/gp044_psi_dependent_floor_01.json	2026-04-12
GP-044	seam	active	research_areas/seams/substrates/corrector/GP-044_psi_dependent_floor_01_pre_registration.md	2026-04-12
GP-044	seam	active	research_areas/seams/substrates/corrector/GP-044_psi_dependent_floor_seam.md	2026-04-12
GP-045	project	active	projects/gp045_cold_residual_01	2026-04-12
GP-045	project	active	projects/gp045_cold_residual_01/history/1776036404_iter0_score_0_gp045_cold_residual_01.md	2026-04-12
GP-045	project	active	projects/gp045_cold_residual_01/history/1776036404_iter0_score_0_gp045_cold_residual_01_dag.json	2026-04-12
GP-045	project	active	projects/gp045_cold_residual_01/history/1776036404_iter0_score_0_gp045_cold_residual_01_meta.json	2026-04-12
GP-045	project	active	projects/gp045_cold_residual_01/history/1776036404_iter6_score_57_gp045_cold_residual_01.md	2026-04-12
GP-045	project	active	projects/gp045_cold_residual_01/history/1776036404_iter6_score_57_gp045_cold_residual_01_dag.json	2026-04-12
GP-045	project	active	projects/gp045_cold_residual_01/history/1776036404_iter6_score_57_gp045_cold_residual_01_meta.json	2026-04-12
GP-045	project	active	projects/gp045_cold_residual_01/history/1776036404_iter7_score_100_gp045_cold_residual_01.md	2026-04-12
GP-045	project	active	projects/gp045_cold_residual_01/history/1776036404_iter7_score_100_gp045_cold_residual_01_dag.json	2026-04-12
GP-045	project	active	projects/gp045_cold_residual_01/history/1776036404_iter7_score_100_gp045_cold_residual_01_meta.json	2026-04-12
GP-045	project	active	projects/gp045_cold_residual_01_ab_control	2026-04-15
GP-045	project	active	projects/gp045_cold_residual_01_ab_control/history/1776036404_iter0_score_0_gp045_cold_residual_01.md	2026-04-15
GP-045	project	active	projects/gp045_cold_residual_01_ab_control/history/1776036404_iter0_score_0_gp045_cold_residual_01_dag.json	2026-04-15
GP-045	project	active	projects/gp045_cold_residual_01_ab_control/history/1776036404_iter0_score_0_gp045_cold_residual_01_meta.json	2026-04-15
GP-045	project	active	projects/gp045_cold_residual_01_ab_control/history/1776036404_iter6_score_57_gp045_cold_residual_01.md	2026-04-15
GP-045	project	active	projects/gp045_cold_residual_01_ab_control/history/1776036404_iter6_score_57_gp045_cold_residual_01_dag.json	2026-04-15
GP-045	project	active	projects/gp045_cold_residual_01_ab_control/history/1776036404_iter6_score_57_gp045_cold_residual_01_meta.json	2026-04-15
GP-045	project	active	projects/gp045_cold_residual_01_ab_control/history/1776036404_iter7_score_100_gp045_cold_residual_01.md	2026-04-15
GP-045	project	active	projects/gp045_cold_residual_01_ab_control/history/1776036404_iter7_score_100_gp045_cold_residual_01_dag.json	2026-04-15
GP-045	project	active	projects/gp045_cold_residual_01_ab_control/history/1776036404_iter7_score_100_gp045_cold_residual_01_meta.json	2026-04-15
GP-045	project	active	projects/gp045_cold_residual_01_ab_treatment	2026-04-15
GP-045	project	active	projects/gp045_cold_residual_01_ab_treatment/history/1776036404_iter0_score_0_gp045_cold_residual_01.md	2026-04-15
GP-045	project	active	projects/gp045_cold_residual_01_ab_treatment/history/1776036404_iter0_score_0_gp045_cold_residual_01_dag.json	2026-04-15
GP-045	project	active	projects/gp045_cold_residual_01_ab_treatment/history/1776036404_iter0_score_0_gp045_cold_residual_01_meta.json	2026-04-15
GP-045	project	active	projects/gp045_cold_residual_01_ab_treatment/history/1776036404_iter6_score_57_gp045_cold_residual_01.md	2026-04-15
GP-045	project	active	projects/gp045_cold_residual_01_ab_treatment/history/1776036404_iter6_score_57_gp045_cold_residual_01_dag.json	2026-04-15
GP-045	project	active	projects/gp045_cold_residual_01_ab_treatment/history/1776036404_iter6_score_57_gp045_cold_residual_01_meta.json	2026-04-15
GP-045	project	active	projects/gp045_cold_residual_01_ab_treatment/history/1776036404_iter7_score_100_gp045_cold_residual_01.md	2026-04-15
GP-045	project	active	projects/gp045_cold_residual_01_ab_treatment/history/1776036404_iter7_score_100_gp045_cold_residual_01_dag.json	2026-04-15
GP-045	project	active	projects/gp045_cold_residual_01_ab_treatment/history/1776036404_iter7_score_100_gp045_cold_residual_01_meta.json	2026-04-15
GP-045	project	active	projects/gp045_cold_residual_01_ab_treatment/history/1776290625_iter0_score_35_gp045_cold_residual_01.md	2026-04-15
GP-045	project	active	projects/gp045_cold_residual_01_ab_treatment/history/1776290625_iter0_score_35_gp045_cold_residual_01_dag.json	2026-04-15
GP-045	project	active	projects/gp045_cold_residual_01_ab_treatment/history/1776290625_iter0_score_35_gp045_cold_residual_01_meta.json	2026-04-15
GP-045	rubric	active	rubrics/gp045_cold_residual_01.json	2026-04-12
GP-045	seam	active	research_areas/seams/substrates/corrector/GP-045_cold_residual_01_pre_registration.md	2026-04-12
GP-045	seam	active	research_areas/seams/substrates/corrector/GP-045_decay_core_extension_seam.md	2026-04-13
GP-046	seam	active	research_areas/seams/protocol/GP-046_asymptotic_regime_claim_discipline_seam.md	2026-04-15
GP-047	spec	active	research_areas/private/specs/active/engine/grammar/GP-047_preservation_lane_probe_spec.md	2026-04-13
GP-048	postmortem	active	research_areas/private/postmortems/gp048_apparatus_feedback_integration_failure_2026_04_13.md	2026-04-13
GP-048	project	active	projects/gp023_planck_sandbox_03/workspace/gp048_findings_for_debrief.md	2026-04-13
GP-048	project	active	projects/gp023_planck_sandbox_03/workspace/gp048_retrospective.json	2026-04-13
GP-048	project	active	projects/gp023_planck_sandbox_03/workspace/gp048_retrospective.md	2026-04-13
GP-048	project	active	projects/gp023_planck_sandbox_04/workspace/gp048_farther_tail_veto_mapping.jsonl	2026-04-14
GP-048	project	active	projects/gp023_planck_sandbox_04/workspace/gp048_telemetry.jsonl	2026-04-14
GP-048	project	active	projects/gp023_planck_sandbox_05/workspace/gp048_farther_tail_veto_mapping.jsonl	2026-04-14
GP-048	project	active	projects/gp023_planck_sandbox_05/workspace/gp048_telemetry.jsonl	2026-04-14
GP-048	project	active	projects/gp023_planck_sandbox_06/workspace/gp048_farther_tail_veto_mapping.jsonl	2026-04-14
GP-048	project	active	projects/gp023_planck_sandbox_06/workspace/gp048_telemetry.jsonl	2026-04-14
GP-048	project	active	projects/gp023_planck_sandbox_07/workspace/gp048_farther_tail_veto_mapping.jsonl	2026-04-15
GP-048	project	active	projects/gp023_planck_sandbox_07/workspace/gp048_telemetry.jsonl	2026-04-15
GP-048	project	active	projects/gp023_planck_sandbox_08/workspace/gp048_farther_tail_veto_mapping.jsonl	2026-04-15
GP-048	project	active	projects/gp023_planck_sandbox_08/workspace/gp048_telemetry.jsonl	2026-04-15
GP-048	project	active	projects/gp023_sandbox_09/workspace/gp048_farther_tail_veto_mapping.jsonl	2026-04-15
GP-048	project	active	projects/gp023_sandbox_09/workspace/gp048_telemetry.jsonl	2026-04-15
GP-048	project	active	projects/gp088_calibration_a01/workspace/gp048_telemetry.jsonl	2026-04-21
GP-048	project	active	projects/gp088_oeis_a000607/workspace/gp048_telemetry.jsonl	2026-04-21
GP-048	project	active	projects/gp096_kww_sandbox_17/workspace/gp048_telemetry.jsonl	2026-04-19
GP-048	project	active	projects/gp096_langevin_sandbox_16/workspace/gp048_telemetry.jsonl	2026-04-19
GP-048	project	active	projects/gp096_sandbox_18/workspace/gp048_telemetry.jsonl	2026-04-20
GP-048	project	active	projects/gp096_sandbox_18_gagorder/workspace/gp048_telemetry.jsonl	2026-04-20
GP-048	project	active	projects/gp118_persona_enthusiastic/workspace/gp048_telemetry.jsonl	2026-04-22
GP-048	project	active	projects/gp118_persona_neutral/workspace/gp048_telemetry.jsonl	2026-04-22
GP-048	project	active	projects/gp118_persona_skeptical/workspace/gp048_telemetry.jsonl	2026-04-22
GP-048	spec	active	research_areas/private/specs/active/engine/grammar/GP-048_math_ast_analyzer_spec.md	2026-04-13
GP-049	seam	active	research_areas/private/seams/mission/GP-049_epistemic_verification_decomposition_validation_seam.md	2026-04-17
GP-050	seam	active	research_areas/private/seams/mission/GP-050_post_treatise_philosophy_anchors_seam.md	2026-04-18
GP-051	seam	active	research_areas/seams/apparatus/instrumentation/GP-051_evidence_fetch_agent_seam.md	2026-04-14
GP-051	spec	active	research_areas/private/specs/active/apparatus/instrumentation/GP-051_evidence_fetch_agent_spec.md	2026-04-13
GP-052	seam	active	research_areas/seams/apparatus/instrumentation/GP-052_experiment_track_record_ledger_seam.md	2026-04-13
GP-053	seam	active	research_areas/seams/protocol/GP-053_seam_specification_format_seam.md	2026-04-13
GP-054	seam	active	research_areas/seams/protocol/GP-054_rubric_quality_and_generation_seam.md	2026-04-15
GP-054	spec	active	research_areas/private/specs/active/protocol/GP-054_rubric_quality_and_generation_spec.md	2026-04-13
GP-055	seam	active	research_areas/private/seams/engine/GP-055_meta_judge_parse_robustness_seam.md	2026-04-15
GP-056	seam	active	research_areas/private/seams/engine/grammar/GP-056_axiomatic_patching_seam.md	2026-04-15
GP-057	seam	active	research_areas/private/seams/engine/mutator/GP-057_ratio_finiteness_gate_seam.md	2026-04-15
GP-058	seam	active	research_areas/private/seams/gaming/GP-058_bug_bounty_factory_integration_seam.md	2026-04-15
GP-059	other	active	research_areas/private/probes/gp059_eml_expressibility_check.py	2026-04-15
GP-060	seam	active	research_areas/private/seams/engine/grammar/GP-060_parallel_champion_synthesis_seam.md	2026-04-15
GP-061	postmortem	active	research_areas/private/postmortems/gp061_cross_artifact_signal_missed_2026_04_14.md	2026-04-15
GP-061	project	active	projects/gp061_sandbox_11_01	2026-04-16
GP-061	project	active	projects/gp061_sandbox_11_01/history/1776304583_iter0_score_10_gp061_sandbox_11_01.md	2026-04-16
GP-061	project	active	projects/gp061_sandbox_11_01/history/1776304583_iter0_score_10_gp061_sandbox_11_01_dag.json	2026-04-16
GP-061	project	active	projects/gp061_sandbox_11_01/history/1776304583_iter0_score_10_gp061_sandbox_11_01_meta.json	2026-04-16
GP-061	project	active	projects/gp061_sandbox_11_01/history/1776304583_iter1_score_88_gp061_sandbox_11_01.md	2026-04-16
GP-061	project	active	projects/gp061_sandbox_11_01/history/1776304583_iter1_score_88_gp061_sandbox_11_01_dag.json	2026-04-16
GP-061	project	active	projects/gp061_sandbox_11_01/history/1776304583_iter1_score_88_gp061_sandbox_11_01_meta.json	2026-04-16
GP-061	project	active	projects/gp061_sandbox_11_01/history/1776304583_iter3_score_95_gp061_sandbox_11_01.md	2026-04-16
GP-061	project	active	projects/gp061_sandbox_11_01/history/1776304583_iter3_score_95_gp061_sandbox_11_01_dag.json	2026-04-16
GP-061	project	active	projects/gp061_sandbox_11_01/history/1776304583_iter3_score_95_gp061_sandbox_11_01_meta.json	2026-04-16
GP-061	rubric	active	rubrics/gp061_sandbox_11_01.json	2026-04-15
GP-061	seam	active	research_areas/private/seams/apparatus/supervisor/GP-061_R4_retrospective_audit.md	2026-04-15
GP-061	seam	active	research_areas/private/seams/apparatus/supervisor/GP-061_constraint_accumulation_as_output_seam.md	2026-04-15
GP-061	seam	active	research_areas/private/seams/apparatus/supervisor/GP-061_void_driven_steering_measurement_seam.md	2026-04-15
GP-061	seam	active	research_areas/private/seams/substrates/corrector/GP-061_sandbox_11_01_pre_registration.md	2026-04-16
GP-061	seam	active	research_areas/private/seams/substrates/corrector/GP-061_sandbox_12_pre_registration.md	2026-04-16
GP-061	seam	active	research_areas/private/seams/substrates/corrector/GP-061_sandbox_13_pre_registration.md	2026-04-16
GP-061	seam	active	research_areas/private/seams/substrates/corrector/GP-061_sandbox_13v2_pre_registration.md	2026-04-16
GP-061	seam	active	research_areas/private/seams/substrates/corrector/GP-061_steering_ab_pre_registration.md	2026-04-15
GP-061	spec	active	research_areas/private/specs/active/substrates/corrector/GP-061_component_b_generalization_target_spec.md	2026-04-15
GP-062	seam	active	research_areas/private/seams/engine/mutator/GP-062_trajectory_thrash_detection_seam.md	2026-04-15
GP-069	project	active	projects/gp069_sandbox_12	2026-04-16
GP-069	project	active	projects/gp069_sandbox_12/history/1776310695_iter0_score_0_gp069_sandbox_12.md	2026-04-16
GP-069	project	active	projects/gp069_sandbox_12/history/1776310695_iter0_score_0_gp069_sandbox_12_dag.json	2026-04-16
GP-069	project	active	projects/gp069_sandbox_12/history/1776310695_iter0_score_0_gp069_sandbox_12_meta.json	2026-04-16
GP-069	project	active	projects/gp069_sandbox_12/history/1776310695_iter1_score_83_gp069_sandbox_12.md	2026-04-16
GP-069	project	active	projects/gp069_sandbox_12/history/1776310695_iter1_score_83_gp069_sandbox_12_dag.json	2026-04-16
GP-069	project	active	projects/gp069_sandbox_12/history/1776310695_iter1_score_83_gp069_sandbox_12_meta.json	2026-04-16
GP-069	project	active	projects/gp069_sandbox_13	2026-04-16
GP-069	project	active	projects/gp069_sandbox_13/history/1776365061_iter0_score_-46_gp069_sandbox_13.md	2026-04-16
GP-069	project	active	projects/gp069_sandbox_13/history/1776365061_iter0_score_-46_gp069_sandbox_13_dag.json	2026-04-16
GP-069	project	active	projects/gp069_sandbox_13/history/1776365061_iter0_score_-46_gp069_sandbox_13_meta.json	2026-04-16
GP-069	project	active	projects/gp069_sandbox_13/history/1776365061_iter1_score_32_gp069_sandbox_13.md	2026-04-16
GP-069	project	active	projects/gp069_sandbox_13/history/1776365061_iter1_score_32_gp069_sandbox_13_dag.json	2026-04-16
GP-069	project	active	projects/gp069_sandbox_13/history/1776365061_iter1_score_32_gp069_sandbox_13_meta.json	2026-04-16
GP-069	rubric	active	rubrics/gp069_sandbox_12.json	2026-04-16
GP-069	rubric	active	rubrics/gp069_sandbox_13.json	2026-04-16
GP-069	seam	active	research_areas/private/seams/engine/mutator/GP-069_champion_nesting_audit_gate_seam.md	2026-04-15
GP-069	seam	active	research_areas/private/seams/engine/mutator/GP-069_nesting_cleared_target_construction_seam.md	2026-04-15
GP-070	seam	active	research_areas/private/seams/apparatus/supervisor/GP-070_meta_supervisor_goal_orchestrator_seam.md	2026-04-16
GP-070	spec	active	research_areas/private/specs/active/apparatus/supervisor/GP-070_meta_supervisor_goal_orchestrator_spec.md	2026-04-16
GP-071	other	active	research_areas/private/drafts/GP-071_visual_spec.md	2026-04-16
GP-071	seam	active	research_areas/private/seams/apparatus/supervisor/GP-071_executive_inbox_seam.md	2026-04-15
GP-071	spec	active	research_areas/private/specs/active/apparatus/supervisor/GP-071_executive_inbox_spec.md	2026-04-15
GP-072	other	active	research_areas/private/goals/gp_072_sandbox_14_path_b	2026-04-16
GP-072	project	active	projects/gp072_sandbox_14	2026-04-16
GP-072	project	active	projects/gp072_sandbox_14/history/1776369716_iter0_score_0_gp072_sandbox_14.md	2026-04-16
GP-072	project	active	projects/gp072_sandbox_14/history/1776369716_iter0_score_0_gp072_sandbox_14_dag.json	2026-04-16
GP-072	project	active	projects/gp072_sandbox_14/history/1776369716_iter0_score_0_gp072_sandbox_14_meta.json	2026-04-16
GP-072	project	active	projects/gp072_sandbox_14/history/1776369716_iter1_score_94_gp072_sandbox_14.md	2026-04-16
GP-072	project	active	projects/gp072_sandbox_14/history/1776369716_iter1_score_94_gp072_sandbox_14_dag.json	2026-04-16
GP-072	project	active	projects/gp072_sandbox_14/history/1776369716_iter1_score_94_gp072_sandbox_14_meta.json	2026-04-16
GP-072	rubric	active	rubrics/gp072_sandbox_14.json	2026-04-16
GP-072	seam	active	research_areas/private/seams/protocol/GP-072_role_separation_sandbox_construction_seam.md	2026-04-17
GP-072	seam	active	research_areas/private/seams/protocol/GP-072_sandbox_14_blind_path_b_pre_registration.md	2026-04-16
GP-072	seam	active	research_areas/private/seams/protocol/GP-072_sandbox_14_debate_seam.md	2026-04-16
GP-072	spec	active	research_areas/private/specs/active/protocol/GP-072_role_separation_sandbox_construction_spec.md	2026-04-20
GP-073	other	active	research_areas/private/run_logs/gp073_sandbox_15	2026-04-16
GP-073	project	active	projects/gp073_sandbox_15	2026-04-16
GP-073	project	active	projects/gp073_sandbox_15/history/1776378380_iter0_score_0_gp073_sandbox_15.md	2026-04-16
GP-073	project	active	projects/gp073_sandbox_15/history/1776378380_iter0_score_0_gp073_sandbox_15_dag.json	2026-04-16
GP-073	project	active	projects/gp073_sandbox_15/history/1776378380_iter0_score_0_gp073_sandbox_15_meta.json	2026-04-16
GP-073	project	active	projects/gp074_manual_oracle_test/history/1776383318_iter0_score_0_gp073_sandbox_15.md	2026-04-16
GP-073	project	active	projects/gp074_manual_oracle_test/history/1776383318_iter0_score_0_gp073_sandbox_15_dag.json	2026-04-16
GP-073	project	active	projects/gp074_manual_oracle_test/history/1776383318_iter0_score_0_gp073_sandbox_15_meta.json	2026-04-16
GP-073	project	active	projects/gp074_manual_oracle_test/history/1776383318_iter1_score_55_gp073_sandbox_15.md	2026-04-16
GP-073	project	active	projects/gp074_manual_oracle_test/history/1776383318_iter1_score_55_gp073_sandbox_15_dag.json	2026-04-16
GP-073	project	active	projects/gp074_manual_oracle_test/history/1776383318_iter1_score_55_gp073_sandbox_15_meta.json	2026-04-16
GP-073	rubric	active	rubrics/gp073_sandbox_15.json	2026-04-16
GP-073	seam	active	research_areas/private/seams/gaming/GP-073_subliminal_learning_reproduction_seam.md	2026-04-16
GP-073	seam	active	research_areas/private/seams/substrates/selkov/GP-073_sandbox_15_pre_registration.md	2026-04-16
GP-074	other	active	research_areas/private/goals/gp_074_component_c_residual_fingerprinting	2026-04-16
GP-074	project	active	projects/gp074_manual_oracle_test	2026-04-17
GP-074	seam	active	research_areas/private/seams/substrates/selkov/GP-074_component_c_residual_fingerprinting_seam.md	2026-04-17
GP-074	seam	active	research_areas/private/seams/substrates/selkov/GP-074_sandbox_15_component_c_pre_registration.md	2026-04-17
GP-074	spec	active	research_areas/private/specs/active/substrates/selkov/GP-074_component_c_residual_fingerprinting_spec.md	2026-04-17
GP-075	other	active	research_areas/private/goals/gp075_rubric_for_unknowns	2026-04-16
GP-075	seam	active	research_areas/private/seams/protocol/GP-075_rubric_for_unknowns_seam.md	2026-04-17
GP-075	spec	active	research_areas/private/specs/active/protocol/GP-075_rubric_for_unknowns_spec.md	2026-04-17
GP-076	seam	active	research_areas/private/seams/protocol/GP-076_predictive_divergence_sweep_seam.md	2026-04-17
GP-076	spec	active	research_areas/private/specs/active/protocol/GP-076_predictive_divergence_sweep_spec.md	2026-04-17
GP-077	project	active	projects/gp077_a002865_01	2026-04-17
GP-077	project	active	projects/gp077_a002865_01/history/1776445707_iter0_score_0_gp077_a002865.md	2026-04-17
GP-077	project	active	projects/gp077_a002865_01/history/1776445707_iter0_score_0_gp077_a002865_dag.json	2026-04-17
GP-077	project	active	projects/gp077_a002865_01/history/1776445707_iter0_score_0_gp077_a002865_meta.json	2026-04-17
GP-077	project	active	projects/gp077_a002865_01/history/1776447643_iter1_score_70_gp077_a002865.md	2026-04-17
GP-077	project	active	projects/gp077_a002865_01/history/1776447643_iter1_score_70_gp077_a002865_dag.json	2026-04-17
GP-077	project	active	projects/gp077_a002865_01/history/1776447643_iter1_score_70_gp077_a002865_meta.json	2026-04-17
GP-077	project	active	projects/gp077_a002865_01/history/1776447643_iter3_score_80_gp077_a002865.md	2026-04-17
GP-077	project	active	projects/gp077_a002865_01/history/1776447643_iter3_score_80_gp077_a002865_dag.json	2026-04-17
GP-077	project	active	projects/gp077_a002865_01/history/1776447643_iter3_score_80_gp077_a002865_meta.json	2026-04-17
GP-077	project	active	projects/gp077_a002865_01/history/1776451301_iter3_score_84_gp077_a002865.md	2026-04-17
GP-077	project	active	projects/gp077_a002865_01/history/1776451301_iter3_score_84_gp077_a002865_dag.json	2026-04-17
GP-077	project	active	projects/gp077_a002865_01/history/1776451301_iter3_score_84_gp077_a002865_meta.json	2026-04-17
GP-077	project	active	projects/gp077_a002865_01/history/1776451301_iter5_score_96_gp077_a002865.md	2026-04-17
GP-077	project	active	projects/gp077_a002865_01/history/1776451301_iter5_score_96_gp077_a002865_dag.json	2026-04-17
GP-077	project	active	projects/gp077_a002865_01/history/1776451301_iter5_score_96_gp077_a002865_meta.json	2026-04-17
GP-077	rubric	active	rubrics/gp077_a002865.json	2026-04-17
GP-077	seam	active	research_areas/private/seams/substrates/erdos/GP-077_oeis_sequence_law_recovery_seam.md	2026-04-17
GP-078	project	active	projects/gp078_cal_sigma_02	2026-04-17
GP-078	project	active	projects/gp078_cal_sigma_02/history/1776468025_iter0_score_0_gp078_cal_sigma_02.md	2026-04-17
GP-078	project	active	projects/gp078_cal_sigma_02/history/1776468025_iter0_score_0_gp078_cal_sigma_02_dag.json	2026-04-17
GP-078	project	active	projects/gp078_cal_sigma_02/history/1776468025_iter0_score_0_gp078_cal_sigma_02_meta.json	2026-04-17
GP-078	project	active	projects/gp078_cal_sigma_02/history/1776468025_iter2_score_55_gp078_cal_sigma_02.md	2026-04-17
GP-078	project	active	projects/gp078_cal_sigma_02/history/1776468025_iter2_score_55_gp078_cal_sigma_02_dag.json	2026-04-17
GP-078	project	active	projects/gp078_cal_sigma_02/history/1776468025_iter2_score_55_gp078_cal_sigma_02_meta.json	2026-04-17
GP-078	project	active	projects/gp078_cal_sigma_02/history/1776468025_iter3_score_56_gp078_cal_sigma_02.md	2026-04-17
GP-078	project	active	projects/gp078_cal_sigma_02/history/1776468025_iter3_score_56_gp078_cal_sigma_02_dag.json	2026-04-17
GP-078	project	active	projects/gp078_cal_sigma_02/history/1776468025_iter3_score_56_gp078_cal_sigma_02_meta.json	2026-04-17
GP-078	project	active	projects/gp078_cal_sigma_02/history/1776468025_iter4_score_83_gp078_cal_sigma_02.md	2026-04-17
GP-078	project	active	projects/gp078_cal_sigma_02/history/1776468025_iter4_score_83_gp078_cal_sigma_02_dag.json	2026-04-17
GP-078	project	active	projects/gp078_cal_sigma_02/history/1776468025_iter4_score_83_gp078_cal_sigma_02_meta.json	2026-04-17
GP-078	project	active	projects/gp078_seq_recovery_01	2026-04-17
GP-078	project	active	projects/gp078_seq_recovery_01/history/1776464561_iter0_score_0_gp078_sequence_01.md	2026-04-17
GP-078	project	active	projects/gp078_seq_recovery_01/history/1776464561_iter0_score_0_gp078_sequence_01_dag.json	2026-04-17
GP-078	project	active	projects/gp078_seq_recovery_01/history/1776464561_iter0_score_0_gp078_sequence_01_meta.json	2026-04-17
GP-078	project	active	projects/gp078_seq_recovery_01/history/1776464561_iter3_score_54_gp078_sequence_01.md	2026-04-17
GP-078	project	active	projects/gp078_seq_recovery_01/history/1776464561_iter3_score_54_gp078_sequence_01_dag.json	2026-04-17
GP-078	project	active	projects/gp078_seq_recovery_01/history/1776464561_iter3_score_54_gp078_sequence_01_meta.json	2026-04-17
GP-078	project	active	projects/gp078_seq_recovery_01/history/1776464561_iter5_score_89_gp078_sequence_01.md	2026-04-17
GP-078	project	active	projects/gp078_seq_recovery_01/history/1776464561_iter5_score_89_gp078_sequence_01_dag.json	2026-04-17
GP-078	project	active	projects/gp078_seq_recovery_01/history/1776464561_iter5_score_89_gp078_sequence_01_meta.json	2026-04-17
GP-078	rubric	active	rubrics/gp078_cal_sigma_02.json	2026-04-17
GP-078	rubric	active	rubrics/gp078_sequence_01.json	2026-04-17
GP-078	seam	active	research_areas/private/seams/engine/grammar/GP-078_component_d_topology_synthesizer_seam.md	2026-04-21
GP-078	spec	active	research_areas/private/specs/active/engine/grammar/GP-078_component_d_topology_synthesizer_spec.md	2026-04-20
GP-079	seam	active	research_areas/private/seams/protocol/GP-079_persona_library_unification_seam.md	2026-04-19
GP-080	postmortem	active	research_areas/private/postmortems/gp080_continuous_model_contract_missing_2026_04_17.md	2026-04-18
GP-080	project	active	projects/gp080_01	2026-04-18
GP-080	project	active	projects/gp080_01/history/1776471380_iter0_score_48_gp080_01.md	2026-04-18
GP-080	project	active	projects/gp080_01/history/1776471380_iter0_score_48_gp080_01_dag.json	2026-04-18
GP-080	project	active	projects/gp080_01/history/1776471380_iter0_score_48_gp080_01_meta.json	2026-04-18
GP-080	project	active	projects/gp080_01/history/1776472249_iter0_score_0_gp080_01.md	2026-04-18
GP-080	project	active	projects/gp080_01/history/1776472249_iter0_score_0_gp080_01_dag.json	2026-04-18
GP-080	project	active	projects/gp080_01/history/1776472249_iter0_score_0_gp080_01_meta.json	2026-04-18
GP-080	project	active	projects/gp080_01/history/1776474921_iter0_score_0_gp080_01.md	2026-04-18
GP-080	project	active	projects/gp080_01/history/1776474921_iter0_score_0_gp080_01_dag.json	2026-04-18
GP-080	project	active	projects/gp080_01/history/1776474921_iter0_score_0_gp080_01_meta.json	2026-04-18
GP-080	project	active	projects/gp080_01/history/1776474921_iter1_score_62_gp080_01.md	2026-04-18
GP-080	project	active	projects/gp080_01/history/1776474921_iter1_score_62_gp080_01_dag.json	2026-04-18
GP-080	project	active	projects/gp080_01/history/1776474921_iter1_score_62_gp080_01_meta.json	2026-04-18
GP-080	project	active	projects/gp080_01/history/1776474921_iter3_score_73_gp080_01.md	2026-04-18
GP-080	project	active	projects/gp080_01/history/1776474921_iter3_score_73_gp080_01_dag.json	2026-04-18
GP-080	project	active	projects/gp080_01/history/1776474921_iter3_score_73_gp080_01_meta.json	2026-04-18
GP-080	project	active	projects/gp080_01/history/1776474921_iter5_score_77_gp080_01.md	2026-04-18
GP-080	project	active	projects/gp080_01/history/1776474921_iter5_score_77_gp080_01_dag.json	2026-04-18
GP-080	project	active	projects/gp080_01/history/1776474921_iter5_score_77_gp080_01_meta.json	2026-04-18
GP-080	project	active	projects/gp080_01/history/1776474921_iter7_score_87_gp080_01.md	2026-04-18
GP-080	project	active	projects/gp080_01/history/1776474921_iter7_score_87_gp080_01_dag.json	2026-04-18
GP-080	project	active	projects/gp080_01/history/1776474921_iter7_score_87_gp080_01_meta.json	2026-04-18
GP-080	project	active	projects/gp080_01/history/1776474921_iter9_score_98_gp080_01.md	2026-04-18
GP-080	project	active	projects/gp080_01/history/1776474921_iter9_score_98_gp080_01_dag.json	2026-04-18
GP-080	project	active	projects/gp080_01/history/1776474921_iter9_score_98_gp080_01_meta.json	2026-04-18
GP-080	project	active	projects/gp080_02	2026-04-18
GP-080	project	active	projects/gp080_02/history/1776513540_iter0_score_0_gp080_02.md	2026-04-18
GP-080	project	active	projects/gp080_02/history/1776513540_iter0_score_0_gp080_02_dag.json	2026-04-18
GP-080	project	active	projects/gp080_02/history/1776513540_iter0_score_0_gp080_02_meta.json	2026-04-18
GP-080	project	active	projects/gp080_02/history/1776513540_iter2_score_73_gp080_02.md	2026-04-18
GP-080	project	active	projects/gp080_02/history/1776513540_iter2_score_73_gp080_02_dag.json	2026-04-18
GP-080	project	active	projects/gp080_02/history/1776513540_iter2_score_73_gp080_02_meta.json	2026-04-18
GP-080	project	active	projects/gp080_02/history/1776513540_iter4_score_94_gp080_02.md	2026-04-18
GP-080	project	active	projects/gp080_02/history/1776513540_iter4_score_94_gp080_02_dag.json	2026-04-18
GP-080	project	active	projects/gp080_02/history/1776513540_iter4_score_94_gp080_02_meta.json	2026-04-18
GP-080	project	active	projects/gp080_03	2026-04-18
GP-080	rubric	active	rubrics/gp080_01.json	2026-04-18
GP-080	rubric	active	rubrics/gp080_02.json	2026-04-18
GP-080	rubric	active	rubrics/gp080_03.json	2026-04-18
GP-080	seam	active	research_areas/private/seams/substrates/tacrolimus/GP-080_tacrolimus_pk_seam.md	2026-04-18
GP-081	project	active	projects/gp081_01	2026-04-18
GP-081	rubric	active	rubrics/gp081_01.json	2026-04-18
GP-081	seam	active	research_areas/private/seams/engine/GP-081_lean_formal_bridge_seam.md	2026-04-22
GP-082	seam	active	research_areas/private/seams/mission/GP-082_substrate_scope_boundary_seam.md	2026-04-18
GP-083	seam	active	research_areas/private/seams/mission/GP-083_inference_type_boundary_seam.md	2026-04-18
GP-083	spec	active	research_areas/private/specs/active/mission/GP-083_inference_type_boundary_spec.md	2026-04-18
GP-084	seam	active	research_areas/private/seams/substrates/planck/GP-084_crucial_experiment_pre_registration.md	2026-04-18
GP-085	seam	active	research_areas/private/seams/mission/GP-085_grammar_ceiling_hypothesis_seam.md	2026-04-18
GP-085	spec	active	research_areas/private/specs/active/mission/GP-085_grammar_ceiling_hypothesis_spec.md	2026-04-18
GP-086	seam	active	research_areas/private/seams/apparatus/cage/GP-086_cage_kernel_hardening_seam.md	2026-04-18
GP-086	spec	active	research_areas/private/specs/active/apparatus/cage/GP-086_cage_kernel_hardening_spec.md	2026-04-18
GP-087	seam	active	research_areas/private/seams/engine/grammar/GP-087_residual_driven_primitive_generation_seam.md	2026-04-18
GP-088	project	active	projects/gp088_calibration_a01	2026-04-22
GP-088	project	active	projects/gp088_calibration_a01/gp088_calibration_a01.lean	2026-04-21
GP-088	project	active	projects/gp088_calibration_a01/history/1776736016_iter0_score_0_gp088_calibration_a01.md	2026-04-21
GP-088	project	active	projects/gp088_calibration_a01/history/1776736016_iter0_score_0_gp088_calibration_a01_dag.json	2026-04-21
GP-088	project	active	projects/gp088_calibration_a01/history/1776736016_iter0_score_0_gp088_calibration_a01_meta.json	2026-04-21
GP-088	project	active	projects/gp088_oeis_a000607	2026-04-21
GP-088	project	active	projects/gp088_oeis_a000607/gp088_oeis_a000607.lean	2026-04-21
GP-088	project	active	projects/gp088_oeis_a000607/history/1776743458_iter0_score_0_gp088_oeis_a000607.md	2026-04-21
GP-088	project	active	projects/gp088_oeis_a000607/history/1776743458_iter0_score_0_gp088_oeis_a000607_dag.json	2026-04-21
GP-088	project	active	projects/gp088_oeis_a000607/history/1776743458_iter0_score_0_gp088_oeis_a000607_meta.json	2026-04-21
GP-088	project	active	projects/gp088_oeis_a002858	2026-04-23
GP-088	project	active	projects/gp088_oeis_a002858/gp088_oeis_a002858.lean	2026-04-22
GP-088	project	active	projects/gp088_oeis_a002858/history/1776775415_iter0_score_0_gp088_oeis_a002858.md	2026-04-21
GP-088	project	active	projects/gp088_oeis_a002858/history/1776775415_iter0_score_0_gp088_oeis_a002858_dag.json	2026-04-21
GP-088	project	active	projects/gp088_oeis_a002858/history/1776775415_iter0_score_0_gp088_oeis_a002858_meta.json	2026-04-21
GP-088	project	active	projects/gp118_persona_enthusiastic/gp088_calibration_a01.lean	2026-04-22
GP-088	project	active	projects/gp118_persona_neutral/gp088_calibration_a01.lean	2026-04-22
GP-088	project	active	projects/gp118_persona_skeptical/gp088_calibration_a01.lean	2026-04-22
GP-088	rubric	active	rubrics/gp088_calibration_a01.json	2026-04-20
GP-088	rubric	active	rubrics/gp088_hardy_ramanujan_01.json	2026-04-20
GP-088	rubric	active	rubrics/gp088_oeis_a000607.json	2026-04-21
GP-088	rubric	active	rubrics/gp088_oeis_a002858.json	2026-04-21
GP-088	seam	active	research_areas/private/seams/apparatus/instrumentation/GP-088_ansatz_to_prover_seam.md	2026-04-18
GP-088	seam	active	research_areas/private/seams/gp088_calibration_a01_pre_registration.md	2026-04-20
GP-088	spec	active	research_areas/private/specs/active/GP-088_lean4_tactic_hint_schema.md	2026-04-21
GP-089	project	active	projects/gp089_01	2026-04-18
GP-089	project	active	projects/gp089_01/history/1776544141_iter0_score_0_gp089_01.md	2026-04-18
GP-089	project	active	projects/gp089_01/history/1776544141_iter0_score_0_gp089_01_dag.json	2026-04-18
GP-089	project	active	projects/gp089_01/history/1776544141_iter0_score_0_gp089_01_meta.json	2026-04-18
GP-089	project	active	projects/oeis_a000009/history/1776956181_iter0_score_67_gp089_a000009_01.md	2026-04-23
GP-089	project	active	projects/oeis_a000009/history/1776956181_iter0_score_67_gp089_a000009_01_dag.json	2026-04-23
GP-089	project	active	projects/oeis_a000009/history/1776956181_iter0_score_67_gp089_a000009_01_meta.json	2026-04-23
GP-089	rubric	active	rubrics/gp089_01.json	2026-04-18
GP-089	rubric	active	rubrics/gp089_a000009_01.json	2026-04-18
GP-089	seam	active	research_areas/private/seams/substrates/erdos/GP-089_erdos_dark_sequence_pre_registration.md	2026-04-18
GP-090	project	active	projects/gp090_01	2026-04-23
GP-090	project	active	projects/gp090_01/_frozen_reference/v1_rerun_contaminated/history/1776542205_iter0_score_0_gp090_01.md	2026-04-23
GP-090	project	active	projects/gp090_01/_frozen_reference/v1_rerun_contaminated/history/1776542205_iter0_score_0_gp090_01_dag.json	2026-04-23
GP-090	project	active	projects/gp090_01/_frozen_reference/v1_rerun_contaminated/history/1776542205_iter0_score_0_gp090_01_meta.json	2026-04-23
GP-090	project	active	projects/gp090_01/_frozen_reference/v1_rerun_contaminated/history/1776542205_iter1_score_45_gp090_01.md	2026-04-23
GP-090	project	active	projects/gp090_01/_frozen_reference/v1_rerun_contaminated/history/1776542205_iter1_score_45_gp090_01_dag.json	2026-04-23
GP-090	project	active	projects/gp090_01/_frozen_reference/v1_rerun_contaminated/history/1776542205_iter1_score_45_gp090_01_meta.json	2026-04-23
GP-090	project	active	projects/gp090_01/_frozen_reference/v1_rerun_contaminated/history/1776542205_iter2_score_52_gp090_01.md	2026-04-23
GP-090	project	active	projects/gp090_01/_frozen_reference/v1_rerun_contaminated/history/1776542205_iter2_score_52_gp090_01_dag.json	2026-04-23
GP-090	project	active	projects/gp090_01/_frozen_reference/v1_rerun_contaminated/history/1776542205_iter2_score_52_gp090_01_meta.json	2026-04-23
GP-090	project	active	projects/gp090_01/_frozen_reference/v1_rerun_contaminated/history/1776542205_iter3_score_70_gp090_01.md	2026-04-23
GP-090	project	active	projects/gp090_01/_frozen_reference/v1_rerun_contaminated/history/1776542205_iter3_score_70_gp090_01_dag.json	2026-04-23
GP-090	project	active	projects/gp090_01/_frozen_reference/v1_rerun_contaminated/history/1776542205_iter3_score_70_gp090_01_meta.json	2026-04-23
GP-090	project	active	projects/gp090_01/_frozen_reference/v1_rerun_contaminated/history/1776542205_iter4_score_92_gp090_01.md	2026-04-23
GP-090	project	active	projects/gp090_01/_frozen_reference/v1_rerun_contaminated/history/1776542205_iter4_score_92_gp090_01_dag.json	2026-04-23
GP-090	project	active	projects/gp090_01/_frozen_reference/v1_rerun_contaminated/history/1776542205_iter4_score_92_gp090_01_meta.json	2026-04-23
GP-090	project	active	projects/gp090_01/_frozen_reference/v1_rerun_contaminated/history/1776544185_iter0_score_0_gp090_01.md	2026-04-23
GP-090	project	active	projects/gp090_01/_frozen_reference/v1_rerun_contaminated/history/1776544185_iter0_score_0_gp090_01_dag.json	2026-04-23
GP-090	project	active	projects/gp090_01/_frozen_reference/v1_rerun_contaminated/history/1776544185_iter0_score_0_gp090_01_meta.json	2026-04-23
GP-090	project	active	projects/gp090_01/_frozen_reference/v1_rerun_contaminated/history/1776545058_iter2_score_57_gp090_01.md	2026-04-23
GP-090	project	active	projects/gp090_01/_frozen_reference/v1_rerun_contaminated/history/1776545058_iter2_score_57_gp090_01_dag.json	2026-04-23
GP-090	project	active	projects/gp090_01/_frozen_reference/v1_rerun_contaminated/history/1776545058_iter2_score_57_gp090_01_meta.json	2026-04-23
GP-090	project	active	projects/gp090_01/_frozen_reference/v1_rerun_contaminated/history/1776545058_iter4_score_70_gp090_01.md	2026-04-23
GP-090	project	active	projects/gp090_01/_frozen_reference/v1_rerun_contaminated/history/1776545058_iter4_score_70_gp090_01_dag.json	2026-04-23
GP-090	project	active	projects/gp090_01/_frozen_reference/v1_rerun_contaminated/history/1776545058_iter4_score_70_gp090_01_meta.json	2026-04-23
GP-090	project	active	projects/gp090_01/gp090_01.lean	2026-04-23
GP-090	project	active	projects/gp090_01/history/1776958118_iter0_score_0_gp090_01.md	2026-04-23
GP-090	project	active	projects/gp090_01/history/1776958118_iter0_score_0_gp090_01_dag.json	2026-04-23
GP-090	project	active	projects/gp090_01/history/1776958118_iter0_score_0_gp090_01_meta.json	2026-04-23
GP-090	project	active	projects/gp090_01/history/1776968546_iter0_score_0_gp090_01.md	2026-04-23
GP-090	project	active	projects/gp090_01/history/1776968546_iter0_score_0_gp090_01_dag.json	2026-04-23
GP-090	project	active	projects/gp090_01/history/1776968546_iter0_score_0_gp090_01_meta.json	2026-04-23
GP-090	project	active	projects/gp090_01/history/1776970182_iter0_score_0_gp090_01.md	2026-04-23
GP-090	project	active	projects/gp090_01/history/1776970182_iter0_score_0_gp090_01_dag.json	2026-04-23
GP-090	project	active	projects/gp090_01/history/1776970182_iter0_score_0_gp090_01_meta.json	2026-04-23
GP-090	project	active	projects/gp090_01/history/1776971369_iter0_score_0_gp090_01.md	2026-04-23
GP-090	project	active	projects/gp090_01/history/1776971369_iter0_score_0_gp090_01_dag.json	2026-04-23
GP-090	project	active	projects/gp090_01/history/1776971369_iter0_score_0_gp090_01_meta.json	2026-04-23
GP-090	project	active	projects/gp090_01/history/1776974144_iter0_score_0_gp090_01.md	2026-04-23
GP-090	project	active	projects/gp090_01/history/1776974144_iter0_score_0_gp090_01_dag.json	2026-04-23
GP-090	project	active	projects/gp090_01/history/1776974144_iter0_score_0_gp090_01_meta.json	2026-04-23
GP-090	rubric	active	rubrics/gp090_01.json	2026-04-23
GP-090	seam	active	research_areas/private/seams/substrates/erdos/GP-090_erdos_dark_sequence_pre_registration.md	2026-04-18
GP-095	project	active	projects/gp096_langevin_sandbox_16/__pycache__/gp095_coth_backtest.cpython-313.pyc	2026-04-19
GP-095	project	active	projects/gp096_langevin_sandbox_16/gp095_coth_backtest.py	2026-04-19
GP-095	seam	active	research_areas/private/seams/engine/grammar/GP-095_post_fit_residual_ambiguity_seam.md	2026-04-19
GP-096	postmortem	active	research_areas/private/postmortems/gp096_run1_infrastructure_bugs_2026_04_20.md	2026-04-20
GP-096	project	active	projects/gp096_kww_sandbox_17	2026-04-19
GP-096	project	active	projects/gp096_kww_sandbox_17/history/1776565552_iter0_score_50_gp096_kww_sandbox_17.md	2026-04-19
GP-096	project	active	projects/gp096_kww_sandbox_17/history/1776565552_iter0_score_50_gp096_kww_sandbox_17_dag.json	2026-04-19
GP-096	project	active	projects/gp096_kww_sandbox_17/history/1776565552_iter0_score_50_gp096_kww_sandbox_17_meta.json	2026-04-19
GP-096	project	active	projects/gp096_kww_sandbox_17/history/1776565552_iter1_score_98_gp096_kww_sandbox_17.md	2026-04-19
GP-096	project	active	projects/gp096_kww_sandbox_17/history/1776565552_iter1_score_98_gp096_kww_sandbox_17_dag.json	2026-04-19
GP-096	project	active	projects/gp096_kww_sandbox_17/history/1776565552_iter1_score_98_gp096_kww_sandbox_17_meta.json	2026-04-19
GP-096	project	active	projects/gp096_langevin_sandbox_16	2026-04-19
GP-096	project	active	projects/gp096_langevin_sandbox_16/history/1776563765_iter0_score_20_gp096_langevin_sandbox_16.md	2026-04-19
GP-096	project	active	projects/gp096_langevin_sandbox_16/history/1776563765_iter0_score_20_gp096_langevin_sandbox_16_dag.json	2026-04-19
GP-096	project	active	projects/gp096_langevin_sandbox_16/history/1776563765_iter0_score_20_gp096_langevin_sandbox_16_meta.json	2026-04-19
GP-096	project	active	projects/gp096_langevin_sandbox_16/history/1776564763_iter0_score_20_gp096_langevin_sandbox_16.md	2026-04-19
GP-096	project	active	projects/gp096_langevin_sandbox_16/history/1776564763_iter0_score_20_gp096_langevin_sandbox_16_dag.json	2026-04-19
GP-096	project	active	projects/gp096_langevin_sandbox_16/history/1776564763_iter0_score_20_gp096_langevin_sandbox_16_meta.json	2026-04-19
GP-096	project	active	projects/gp096_langevin_sandbox_16/history/1776565548_iter0_score_20_gp096_langevin_sandbox_16.md	2026-04-19
GP-096	project	active	projects/gp096_langevin_sandbox_16/history/1776565548_iter0_score_20_gp096_langevin_sandbox_16_dag.json	2026-04-19
GP-096	project	active	projects/gp096_langevin_sandbox_16/history/1776565548_iter0_score_20_gp096_langevin_sandbox_16_meta.json	2026-04-19
GP-096	project	active	projects/gp096_langevin_sandbox_16/history/1776565548_iter1_score_75_gp096_langevin_sandbox_16.md	2026-04-19
GP-096	project	active	projects/gp096_langevin_sandbox_16/history/1776565548_iter1_score_75_gp096_langevin_sandbox_16_dag.json	2026-04-19
GP-096	project	active	projects/gp096_langevin_sandbox_16/history/1776565548_iter1_score_75_gp096_langevin_sandbox_16_meta.json	2026-04-19
GP-096	project	active	projects/gp096_langevin_sandbox_16/history/1776603544_iter0_score_75_gp096_langevin_sandbox_16.md	2026-04-19
GP-096	project	active	projects/gp096_langevin_sandbox_16/history/1776603544_iter0_score_75_gp096_langevin_sandbox_16_dag.json	2026-04-19
GP-096	project	active	projects/gp096_langevin_sandbox_16/history/1776603544_iter0_score_75_gp096_langevin_sandbox_16_meta.json	2026-04-19
GP-096	project	active	projects/gp096_langevin_sandbox_16/history/1776606061_iter0_score_75_gp096_langevin_sandbox_16.md	2026-04-19
GP-096	project	active	projects/gp096_langevin_sandbox_16/history/1776606061_iter0_score_75_gp096_langevin_sandbox_16_dag.json	2026-04-19
GP-096	project	active	projects/gp096_langevin_sandbox_16/history/1776606061_iter0_score_75_gp096_langevin_sandbox_16_meta.json	2026-04-19
GP-096	project	active	projects/gp096_langevin_sandbox_16/history/1776606455_iter0_score_75_gp096_langevin_sandbox_16.md	2026-04-19
GP-096	project	active	projects/gp096_langevin_sandbox_16/history/1776606455_iter0_score_75_gp096_langevin_sandbox_16_dag.json	2026-04-19
GP-096	project	active	projects/gp096_langevin_sandbox_16/history/1776606455_iter0_score_75_gp096_langevin_sandbox_16_meta.json	2026-04-19
GP-096	project	active	projects/gp096_langevin_sandbox_16/history/1776606890_iter1_score_75_gp096_langevin_sandbox_16.md	2026-04-19
GP-096	project	active	projects/gp096_langevin_sandbox_16/history/1776606890_iter1_score_75_gp096_langevin_sandbox_16_dag.json	2026-04-19
GP-096	project	active	projects/gp096_langevin_sandbox_16/history/1776606890_iter1_score_75_gp096_langevin_sandbox_16_meta.json	2026-04-19
GP-096	project	active	projects/gp096_langevin_sandbox_16/history/1776608544_iter0_score_75_gp096_langevin_sandbox_16.md	2026-04-19
GP-096	project	active	projects/gp096_langevin_sandbox_16/history/1776608544_iter0_score_75_gp096_langevin_sandbox_16_dag.json	2026-04-19
GP-096	project	active	projects/gp096_langevin_sandbox_16/history/1776608544_iter0_score_75_gp096_langevin_sandbox_16_meta.json	2026-04-19
GP-096	project	active	projects/gp096_sandbox_18	2026-04-20
GP-096	project	active	projects/gp096_sandbox_18/history/1776636284_iter0_score_0_gp096_sandbox_18.md	2026-04-19
GP-096	project	active	projects/gp096_sandbox_18/history/1776636284_iter0_score_0_gp096_sandbox_18_dag.json	2026-04-19
GP-096	project	active	projects/gp096_sandbox_18/history/1776636284_iter0_score_0_gp096_sandbox_18_meta.json	2026-04-19
GP-096	project	active	projects/gp096_sandbox_18/history/1776636855_iter0_score_0_gp096_sandbox_18.md	2026-04-19
GP-096	project	active	projects/gp096_sandbox_18/history/1776636855_iter0_score_0_gp096_sandbox_18_dag.json	2026-04-19
GP-096	project	active	projects/gp096_sandbox_18/history/1776636855_iter0_score_0_gp096_sandbox_18_meta.json	2026-04-19
GP-096	project	active	projects/gp096_sandbox_18/history/1776637506_iter0_score_0_gp096_sandbox_18.md	2026-04-19
GP-096	project	active	projects/gp096_sandbox_18/history/1776637506_iter0_score_0_gp096_sandbox_18_dag.json	2026-04-19
GP-096	project	active	projects/gp096_sandbox_18/history/1776637506_iter0_score_0_gp096_sandbox_18_meta.json	2026-04-19
GP-096	project	active	projects/gp096_sandbox_18/history/1776637506_iter10_score_95_gp096_sandbox_18.md	2026-04-19
GP-096	project	active	projects/gp096_sandbox_18/history/1776637506_iter10_score_95_gp096_sandbox_18_dag.json	2026-04-19
GP-096	project	active	projects/gp096_sandbox_18/history/1776637506_iter10_score_95_gp096_sandbox_18_meta.json	2026-04-19
GP-096	project	active	projects/gp096_sandbox_18/history/1776642638_iter0_score_60_gp096_sandbox_18.md	2026-04-19
GP-096	project	active	projects/gp096_sandbox_18/history/1776642638_iter0_score_60_gp096_sandbox_18_dag.json	2026-04-19
GP-096	project	active	projects/gp096_sandbox_18/history/1776642638_iter0_score_60_gp096_sandbox_18_meta.json	2026-04-19
GP-096	project	active	projects/gp096_sandbox_18/history/1776642638_iter2_score_95_gp096_sandbox_18.md	2026-04-19
GP-096	project	active	projects/gp096_sandbox_18/history/1776642638_iter2_score_95_gp096_sandbox_18_dag.json	2026-04-19
GP-096	project	active	projects/gp096_sandbox_18/history/1776642638_iter2_score_95_gp096_sandbox_18_meta.json	2026-04-19
GP-096	project	active	projects/gp096_sandbox_18_gagorder	2026-04-20
GP-096	project	active	projects/gp096_sandbox_18_gagorder/history/1776646815_iter0_score_0_gp096_sandbox_18_gagorder.md	2026-04-20
GP-096	project	active	projects/gp096_sandbox_18_gagorder/history/1776646815_iter0_score_0_gp096_sandbox_18_gagorder_dag.json	2026-04-20
GP-096	project	active	projects/gp096_sandbox_18_gagorder/history/1776646815_iter0_score_0_gp096_sandbox_18_gagorder_meta.json	2026-04-20
GP-096	project	active	projects/gp096_sandbox_18_gagorder/history/1776646815_iter2_score_95_gp096_sandbox_18_gagorder.md	2026-04-20
GP-096	project	active	projects/gp096_sandbox_18_gagorder/history/1776646815_iter2_score_95_gp096_sandbox_18_gagorder_dag.json	2026-04-20
GP-096	project	active	projects/gp096_sandbox_18_gagorder/history/1776646815_iter2_score_95_gp096_sandbox_18_gagorder_meta.json	2026-04-20
GP-096	project	active	projects/gp096_sandbox_19_gagorder	2026-04-20
GP-096	project	active	projects/gp096_sandbox_19_gagorder/history/1776688092_iter0_score_0_gp096_sandbox_19_gagorder.md	2026-04-20
GP-096	project	active	projects/gp096_sandbox_19_gagorder/history/1776688092_iter0_score_0_gp096_sandbox_19_gagorder_dag.json	2026-04-20
GP-096	project	active	projects/gp096_sandbox_19_gagorder/history/1776688092_iter0_score_0_gp096_sandbox_19_gagorder_meta.json	2026-04-20
GP-096	project	active	projects/gp096_sandbox_20	2026-04-21
GP-096	project	active	projects/gp096_sandbox_20/gp096_sandbox_20.lean	2026-04-21
GP-096	project	active	projects/gp096_sandbox_20/history/1776705737_iter0_score_0_gp096_sandbox_20.md	2026-04-20
GP-096	project	active	projects/gp096_sandbox_20/history/1776705737_iter0_score_0_gp096_sandbox_20_dag.json	2026-04-20
GP-096	project	active	projects/gp096_sandbox_20/history/1776705737_iter0_score_0_gp096_sandbox_20_meta.json	2026-04-20
GP-096	project	active	projects/gp096_sandbox_20/history/1776705737_iter1_score_78_gp096_sandbox_20.md	2026-04-20
GP-096	project	active	projects/gp096_sandbox_20/history/1776705737_iter1_score_78_gp096_sandbox_20_dag.json	2026-04-20
GP-096	project	active	projects/gp096_sandbox_20/history/1776705737_iter1_score_78_gp096_sandbox_20_meta.json	2026-04-20
GP-096	project	active	projects/gp096_sandbox_20/history/1776705737_iter2_score_85_gp096_sandbox_20.md	2026-04-20
GP-096	project	active	projects/gp096_sandbox_20/history/1776705737_iter2_score_85_gp096_sandbox_20_dag.json	2026-04-20
GP-096	project	active	projects/gp096_sandbox_20/history/1776705737_iter2_score_85_gp096_sandbox_20_meta.json	2026-04-20
GP-096	project	active	projects/gp096_sandbox_20/history/1776705737_iter3_score_87_gp096_sandbox_20.md	2026-04-20
GP-096	project	active	projects/gp096_sandbox_20/history/1776705737_iter3_score_87_gp096_sandbox_20_dag.json	2026-04-20
GP-096	project	active	projects/gp096_sandbox_20/history/1776705737_iter3_score_87_gp096_sandbox_20_meta.json	2026-04-20
GP-096	rubric	active	rubrics/gp096_kww_sandbox_17.json	2026-04-19
GP-096	rubric	active	rubrics/gp096_langevin_sandbox_16.json	2026-04-19
GP-096	rubric	active	rubrics/gp096_sandbox_18.json	2026-04-19
GP-096	rubric	active	rubrics/gp096_sandbox_18_gagorder.json	2026-04-20
GP-096	rubric	active	rubrics/gp096_sandbox_19_gagorder.json	2026-04-20
GP-096	rubric	active	rubrics/gp096_sandbox_20.json	2026-04-20
GP-096	seam	active	research_areas/private/seams/GP-096_sandbox_18_pre_registration.md	2026-04-19
GP-096	seam	active	research_areas/private/seams/gp096_sandbox_19_gagorder_pre_registration.md	2026-04-20
GP-096	seam	active	research_areas/private/seams/mission/GP-096_science_programme_decomposition_seam.md	2026-04-23
GP-096	seam	active	research_areas/seams/substrates/gp096_sandbox_20_division_b_postmortem.md	2026-04-20
GP-097	seam	active	research_areas/private/seams/engine/grammar/GP-097_nd_manifold_compressor_seam.md	2026-04-19
GP-097	spec	active	research_areas/private/specs/active/engine/grammar/GP-097_nd_manifold_compressor_spec.md	2026-04-19
GP-098	seam	active	research_areas/private/seams/apparatus/instrumentation/GP-098_evidence_compressor_seam.md	2026-04-19
GP-098	spec	active	research_areas/private/specs/active/apparatus/instrumentation/GP-098_evidence_compressor_spec.md	2026-04-19
GP-099	seam	active	research_areas/private/seams/engine/grammar/GP-099_vocabulary_floor_seam.md	2026-04-19
GP-100	seam	active	research_areas/private/seams/engine/mutator/GP-100_epistemic_decoupling_seam.md	2026-04-19
GP-101	seam	active	research_areas/private/seams/apparatus/instrumentation/GP-101_agent_native_self_model_format_seam.md	2026-04-23
GP-102	seam	active	research_areas/private/seams/apparatus/instrumentation/GP-102_reflexive_primitive_discovery_seam.md	2026-04-19
GP-102	spec	active	research_areas/private/specs/active/apparatus/instrumentation/GP-102_reflexive_primitive_discovery_spec.md	2026-04-19
GP-103	seam	active	research_areas/private/seams/GP-103_topology_induction_gap.md	2026-04-21
GP-104	seam	active	research_areas/seams/protocol/GP-104_qualitative_rubric_gate_configuration_seam.md	2026-04-20
GP-104	spec	active	research_areas/specs/active/GP-104_general_purpose_project_generator_spec.md	2026-04-20
GP-105	other	active	research_areas/archive/seams_superseded/GP-105b_expost_goal_orchestration_seam_superseded_by_GP-131.md	2026-04-23
GP-105	seam	active	research_areas/private/seams/reflexive/GP-105_mform_alignment_audit_seam.md	2026-04-20
GP-105	spec	active	research_areas/private/specs/active/GP-105_mform_alignment_audit_spec.md	2026-04-20
GP-106	seam	active	research_areas/private/seams/reflexive/GP-106_proportionality_precautionary_principle_seam.md	2026-04-21
GP-107	seam	active	research_areas/seams/engine/grammar/GP-107_synthesis_charter_renderer_seam.md	2026-04-21
GP-108	seam	active	research_areas/private/seams/mission/GP-108_open_source_strategy_v2_seam.md	2026-04-21
GP-109	seam	active	research_areas/private/seams/engine/GP-109_residual_periodicity_detector_seam.md	2026-04-22
GP-110	seam	active	research_areas/private/seams/engine/GP-110_statistical_fingerprint_seam.md	2026-04-22
GP-111	seam	active	research_areas/private/seams/engine/GP-111_proactive_closure_seam.md	2026-04-21
GP-112	seam	active	research_areas/private/seams/engine/GP-112_margin_of_safety_gate.md	2026-04-22
GP-113	seam	active	research_areas/private/seams/engine/GP-113_diagnosis_feedback_loop.md	2026-04-22
GP-114	seam	active	research_areas/private/seams/engine/GP-114_neural_scaling_spectral_dynamics.md	2026-04-22
GP-115	project	active	projects/riemann_lagarias/workspace/gp115_diagnostics.json	2026-04-22
GP-115	project	active	projects/riemann_li/workspace/gp115_diagnostics.json	2026-04-22
GP-115	project	active	projects/survey_s1/workspace/gp115_diagnostics.json	2026-04-23
GP-115	seam	active	research_areas/private/seams/engine/GP-115_residual_driven_grammar_expansion.md	2026-04-22
GP-116	project	active	projects/gp116_cot_exchange	2026-04-23
GP-116	project	active	projects/gp116_cot_exchange/gp116_cot_exchange.lean	2026-04-22
GP-116	project	active	projects/gp116_cot_exchange/history/1776864996_iter0_score_59_gp116_cot_exchange.md	2026-04-22
GP-116	project	active	projects/gp116_cot_exchange/history/1776864996_iter0_score_59_gp116_cot_exchange_dag.json	2026-04-22
GP-116	project	active	projects/gp116_cot_exchange/history/1776864996_iter0_score_59_gp116_cot_exchange_meta.json	2026-04-22
GP-116	project	active	projects/gp116_cot_exchange/history/1776875159_iter0_score_72_gp116_cot_exchange.md	2026-04-22
GP-116	project	active	projects/gp116_cot_exchange/history/1776875159_iter0_score_72_gp116_cot_exchange_dag.json	2026-04-22
GP-116	project	active	projects/gp116_cot_exchange/history/1776875159_iter0_score_72_gp116_cot_exchange_meta.json	2026-04-22
GP-116	project	active	projects/gp116_cot_exchange/history/1776876176_iter0_score_71_gp116_cot_exchange.md	2026-04-22
GP-116	project	active	projects/gp116_cot_exchange/history/1776876176_iter0_score_71_gp116_cot_exchange_dag.json	2026-04-22
GP-116	project	active	projects/gp116_cot_exchange/history/1776876176_iter0_score_71_gp116_cot_exchange_meta.json	2026-04-22
GP-116	project	active	projects/gp116_cot_exchange/history/1776876176_iter5_score_88_gp116_cot_exchange.md	2026-04-22
GP-116	project	active	projects/gp116_cot_exchange/history/1776876176_iter5_score_88_gp116_cot_exchange_dag.json	2026-04-22
GP-116	project	active	projects/gp116_cot_exchange/history/1776876176_iter5_score_88_gp116_cot_exchange_meta.json	2026-04-22
GP-116	project	active	projects/gp116_cot_exchange/history/1776885768_iter0_score_54_gp116_cot_exchange.md	2026-04-22
GP-116	project	active	projects/gp116_cot_exchange/history/1776885768_iter0_score_54_gp116_cot_exchange_dag.json	2026-04-22
GP-116	project	active	projects/gp116_cot_exchange/history/1776885768_iter0_score_54_gp116_cot_exchange_meta.json	2026-04-22
GP-116	project	active	projects/gp116_cot_exchange/history/1776886000_iter0_score_54_gp116_cot_exchange.md	2026-04-22
GP-116	project	active	projects/gp116_cot_exchange/history/1776886000_iter0_score_54_gp116_cot_exchange_dag.json	2026-04-22
GP-116	project	active	projects/gp116_cot_exchange/history/1776886000_iter0_score_54_gp116_cot_exchange_meta.json	2026-04-22
GP-116	rubric	active	rubrics/gp116_cot_exchange.json	2026-04-22
GP-116	seam	active	research_areas/private/seams/engine/GP-116_compression_as_architecture_discovery.md	2026-04-22
GP-117	project	active	projects/gp118_persona_enthusiastic/history/1776889754_iter0_score_0_gp117_persona_enthusiastic.md	2026-04-22
GP-117	project	active	projects/gp118_persona_enthusiastic/history/1776889754_iter0_score_0_gp117_persona_enthusiastic_dag.json	2026-04-22
GP-117	project	active	projects/gp118_persona_enthusiastic/history/1776889754_iter0_score_0_gp117_persona_enthusiastic_meta.json	2026-04-22
GP-117	project	active	projects/gp118_persona_neutral/history/1776889634_iter0_score_0_gp117_persona_neutral.md	2026-04-22
GP-117	project	active	projects/gp118_persona_neutral/history/1776889634_iter0_score_0_gp117_persona_neutral_dag.json	2026-04-22
GP-117	project	active	projects/gp118_persona_neutral/history/1776889634_iter0_score_0_gp117_persona_neutral_meta.json	2026-04-22
GP-117	project	active	projects/gp118_persona_skeptical/history/1776889493_iter0_score_0_gp117_persona_skeptical.md	2026-04-22
GP-117	project	active	projects/gp118_persona_skeptical/history/1776889493_iter0_score_0_gp117_persona_skeptical_dag.json	2026-04-22
GP-117	project	active	projects/gp118_persona_skeptical/history/1776889493_iter0_score_0_gp117_persona_skeptical_meta.json	2026-04-22
GP-117	rubric	active	rubrics/gp117_persona_enthusiastic.json	2026-04-22
GP-117	rubric	active	rubrics/gp117_persona_neutral.json	2026-04-22
GP-117	rubric	active	rubrics/gp117_persona_skeptical.json	2026-04-22
GP-117	seam	active	research_areas/private/seams/engine/GP-117_why_only_kills.md	2026-04-22
GP-118	project	active	projects/gp088_calibration_a01/frozen_for_gp118	2026-04-22
GP-118	project	active	projects/gp118_comparison_report.json	2026-04-22
GP-118	project	active	projects/gp118_persona_enthusiastic	2026-04-22
GP-118	project	active	projects/gp118_persona_neutral	2026-04-22
GP-118	project	active	projects/gp118_persona_skeptical	2026-04-22
GP-118	seam	active	research_areas/seams/apparatus/governance/GP-118_soft_governance_coordination_seam.md	2026-04-22
GP-119	seam	active	research_areas/seams/apparatus/engine/GP-119_inverter_agent_seam.md	2026-04-22
GP-120	seam	active	research_areas/seams/apparatus/governance/GP-120_bridger_agent_seam.md	2026-04-22
GP-121	seam	active	research_areas/seams/apparatus/engine/GP-121_cross_entity_substrate_support_seam.md	2026-04-22
GP-122	seam	active	research_areas/seams/apparatus/engine/GP-122_millennium_debate_log.md	2026-04-22
GP-122	seam	active	research_areas/seams/apparatus/engine/GP-122_millennium_substrate_seam.md	2026-04-22
GP-123	seam	active	research_areas/seams/apparatus/engine/GP-123_dag_utilization_seam.md	2026-04-22
GP-124	seam	active	research_areas/seams/apparatus/engine/GP-124_process_compression_seam.md	2026-04-23
GP-125	seam	active	research_areas/seams/apparatus/engine/GP-125_differentiable_topology_backend_seam.md	2026-04-23
GP-126	seam	active	research_areas/seams/apparatus/engine/GP-126_sky_survey_seam.md	2026-04-23
GP-127	seam	active	research_areas/private/seams/mission/GP-127_falsify_before_patent_seam.md	2026-04-23
GP-127	seam	active	research_areas/seams/apparatus/engine/GP-127_recovery_to_discovery_seam.md	2026-04-23
GP-128	seam	active	research_areas/private/seams/GP-128b_inbound_principal_directives.md	2026-04-25
GP-128	seam	active	research_areas/private/seams/mission/GP-128_persistent_manager_agent_seam.md	2026-04-23
GP-129	seam	active	research_areas/private/seams/mission/GP-129_biological_org_design_panel_seam.md	2026-04-23
GP-130	seam	active	research_areas/private/seams/mission/GP-130_non_llm_substrate_seam.md	2026-04-23
GP-131	seam	active	research_areas/private/seams/mission/GP-131_work_discovery_loop_seam.md	2026-04-23
GP-131	spec	active	research_areas/private/specs/active/mission/GP-131_work_discovery_loop_spec.md	2026-04-23
GP-133	seam	active	research_areas/private/seams/mission/GP-133_R4_py_exec_sandbox_review.md	2026-04-23
GP-133	seam	active	research_areas/private/seams/mission/GP-133_multidisciplinary_discovery_panel_seam.md	2026-04-23
GP-133	spec	active	research_areas/private/specs/active/mission/GP-133_mlh_protocol_spec.md	2026-04-23
GP-134	seam	active	research_areas/private/seams/apparatus/instrumentation/GP-134_prompt_layer_contamination_incident_seam.md	2026-04-23
GP-134	seam	active	research_areas/private/seams/mission/GP-134_ztare_on_ztare_self_recursive_seam.md	2026-04-23
GP-135	seam	active	research_areas/private/seams/mission/GP-135_meta_law_hypothesis_family_program_seam.md	2026-04-23
GP-136	project	active	projects/gp136_pmdl_hardening	2026-04-23
GP-136	project	active	projects/gp136_pmdl_hardening/history/1776985541_iter0_score_0_gp136_pmdl_hardening.md	2026-04-23
GP-136	project	active	projects/gp136_pmdl_hardening/history/1776985541_iter0_score_0_gp136_pmdl_hardening_dag.json	2026-04-23
GP-136	project	active	projects/gp136_pmdl_hardening/history/1776985541_iter0_score_0_gp136_pmdl_hardening_meta.json	2026-04-23
GP-136	project	active	projects/gp136_pmdl_hardening/history/1776985541_iter1_score_92_gp136_pmdl_hardening.md	2026-04-23
GP-136	project	active	projects/gp136_pmdl_hardening/history/1776985541_iter1_score_92_gp136_pmdl_hardening_dag.json	2026-04-23
GP-136	project	active	projects/gp136_pmdl_hardening/history/1776985541_iter1_score_92_gp136_pmdl_hardening_meta.json	2026-04-23
GP-136	project	active	projects/gp136_pmdl_hardening/history/1776987058_iter0_score_90_gp136_pmdl_hardening.md	2026-04-23
GP-136	project	active	projects/gp136_pmdl_hardening/history/1776987058_iter0_score_90_gp136_pmdl_hardening_dag.json	2026-04-23
GP-136	project	active	projects/gp136_pmdl_hardening/history/1776987058_iter0_score_90_gp136_pmdl_hardening_meta.json	2026-04-23
GP-136	rubric	active	rubrics/dynamic_gp136_pmdl_hardening.json	2026-04-23
GP-136	rubric	active	rubrics/gp136_pmdl_hardening.json	2026-04-23
GP-136	seam	active	research_areas/private/seams/mission/GP-136_pmdl_threshold_hardening_seam.md	2026-04-23
GP-137	project	active	projects/gp137_tw_replacement	2026-04-23
GP-137	project	active	projects/gp137_tw_replacement/history/1776986504_iter0_score_0_gp137_tw_replacement.md	2026-04-23
GP-137	project	active	projects/gp137_tw_replacement/history/1776986504_iter0_score_0_gp137_tw_replacement_dag.json	2026-04-23
GP-137	project	active	projects/gp137_tw_replacement/history/1776986504_iter0_score_0_gp137_tw_replacement_meta.json	2026-04-23
GP-137	project	active	projects/gp137_tw_replacement/history/1776986504_iter1_score_77_gp137_tw_replacement.md	2026-04-23
GP-137	project	active	projects/gp137_tw_replacement/history/1776986504_iter1_score_77_gp137_tw_replacement_dag.json	2026-04-23
GP-137	project	active	projects/gp137_tw_replacement/history/1776986504_iter1_score_77_gp137_tw_replacement_meta.json	2026-04-23
GP-137	project	active	projects/gp137_tw_replacement/history/1776987068_iter0_score_77_gp137_tw_replacement.md	2026-04-23
GP-137	project	active	projects/gp137_tw_replacement/history/1776987068_iter0_score_77_gp137_tw_replacement_dag.json	2026-04-23
GP-137	project	active	projects/gp137_tw_replacement/history/1776987068_iter0_score_77_gp137_tw_replacement_meta.json	2026-04-23
GP-137	rubric	active	rubrics/dynamic_gp137_tw_replacement.json	2026-04-23
GP-137	rubric	active	rubrics/gp137_tw_replacement.json	2026-04-23
GP-138	project	active	projects/gp138_noether_g_selection	2026-04-24
GP-138	project	active	projects/gp138_noether_g_selection/history/1776987963_iter0_score_0_gp138_noether_g_selection.md	2026-04-23
GP-138	project	active	projects/gp138_noether_g_selection/history/1776987963_iter0_score_0_gp138_noether_g_selection_dag.json	2026-04-23
GP-138	project	active	projects/gp138_noether_g_selection/history/1776987963_iter0_score_0_gp138_noether_g_selection_meta.json	2026-04-23
GP-138	project	active	projects/gp138_noether_g_selection/history/1776987963_iter1_score_89_gp138_noether_g_selection.md	2026-04-23
GP-138	project	active	projects/gp138_noether_g_selection/history/1776987963_iter1_score_89_gp138_noether_g_selection_dag.json	2026-04-23
GP-138	project	active	projects/gp138_noether_g_selection/history/1776987963_iter1_score_89_gp138_noether_g_selection_meta.json	2026-04-23
GP-138	project	active	projects/gp138_noether_g_selection/history/1776987963_iter2_score_93_gp138_noether_g_selection.md	2026-04-23
GP-138	project	active	projects/gp138_noether_g_selection/history/1776987963_iter2_score_93_gp138_noether_g_selection_dag.json	2026-04-23
GP-138	project	active	projects/gp138_noether_g_selection/history/1776987963_iter2_score_93_gp138_noether_g_selection_meta.json	2026-04-23
GP-138	project	active	projects/gp138_noether_g_selection/history/1776987963_iter3_score_97_gp138_noether_g_selection.md	2026-04-23
GP-138	project	active	projects/gp138_noether_g_selection/history/1776987963_iter3_score_97_gp138_noether_g_selection_dag.json	2026-04-23
GP-138	project	active	projects/gp138_noether_g_selection/history/1776987963_iter3_score_97_gp138_noether_g_selection_meta.json	2026-04-23
GP-138	rubric	active	rubrics/dynamic_gp138_noether_g_selection.json	2026-04-23
GP-138	rubric	active	rubrics/gp138_noether_g_selection.json	2026-04-23
GP-139	project	active	projects/gp139_lean_hardening	2026-04-24
GP-139	project	active	projects/gp139_lean_hardening/history/1776989353_iter0_score_0_gp139_lean_hardening.md	2026-04-24
GP-139	project	active	projects/gp139_lean_hardening/history/1776989353_iter0_score_0_gp139_lean_hardening_dag.json	2026-04-24
GP-139	project	active	projects/gp139_lean_hardening/history/1776989353_iter0_score_0_gp139_lean_hardening_meta.json	2026-04-24
GP-139	project	active	projects/gp139_lean_hardening/history/1776989353_iter1_score_73_gp139_lean_hardening.md	2026-04-24
GP-139	project	active	projects/gp139_lean_hardening/history/1776989353_iter1_score_73_gp139_lean_hardening_dag.json	2026-04-24
GP-139	project	active	projects/gp139_lean_hardening/history/1776989353_iter1_score_73_gp139_lean_hardening_meta.json	2026-04-24
GP-139	project	active	projects/gp139_lean_hardening/history/1776989353_iter2_score_87_gp139_lean_hardening.md	2026-04-24
GP-139	project	active	projects/gp139_lean_hardening/history/1776989353_iter2_score_87_gp139_lean_hardening_dag.json	2026-04-24
GP-139	project	active	projects/gp139_lean_hardening/history/1776989353_iter2_score_87_gp139_lean_hardening_meta.json	2026-04-24
GP-139	project	active	projects/gp139_pmdl_hardening	2026-04-23
GP-139	rubric	active	rubrics/dynamic_gp139_lean_hardening.json	2026-04-24
GP-139	rubric	active	rubrics/gp139_lean_hardening.json	2026-04-24
GP-140	project	active	projects/gp140_ztare_discovery	2026-04-24
GP-140	project	active	projects/gp140_ztare_discovery/history/1776999707_iter0_score_5_gp140_ztare_discovery.md	2026-04-24
GP-140	project	active	projects/gp140_ztare_discovery/history/1776999707_iter0_score_5_gp140_ztare_discovery_dag.json	2026-04-24
GP-140	project	active	projects/gp140_ztare_discovery/history/1776999707_iter0_score_5_gp140_ztare_discovery_meta.json	2026-04-24
GP-140	project	active	projects/gp140_ztare_discovery/history/1776999707_iter1_score_57_gp140_ztare_discovery.md	2026-04-24
GP-140	project	active	projects/gp140_ztare_discovery/history/1776999707_iter1_score_57_gp140_ztare_discovery_dag.json	2026-04-24
GP-140	project	active	projects/gp140_ztare_discovery/history/1776999707_iter1_score_57_gp140_ztare_discovery_meta.json	2026-04-24
GP-140	project	active	projects/gp140_ztare_discovery/history/1776999707_iter2_score_68_gp140_ztare_discovery.md	2026-04-24
GP-140	project	active	projects/gp140_ztare_discovery/history/1776999707_iter2_score_68_gp140_ztare_discovery_dag.json	2026-04-24
GP-140	project	active	projects/gp140_ztare_discovery/history/1776999707_iter2_score_68_gp140_ztare_discovery_meta.json	2026-04-24
GP-140	project	active	projects/gp140_ztare_discovery/history/1777000571_iter0_score_93_gp140_ztare_discovery.md	2026-04-24
GP-140	project	active	projects/gp140_ztare_discovery/history/1777000571_iter0_score_93_gp140_ztare_discovery_dag.json	2026-04-24
GP-140	project	active	projects/gp140_ztare_discovery/history/1777000571_iter0_score_93_gp140_ztare_discovery_meta.json	2026-04-24
GP-140	project	active	projects/gp140_ztare_discovery/history/1777000664_iter0_score_62_gp140_ztare_discovery.md	2026-04-24
GP-140	project	active	projects/gp140_ztare_discovery/history/1777000664_iter0_score_62_gp140_ztare_discovery_dag.json	2026-04-24
GP-140	project	active	projects/gp140_ztare_discovery/history/1777000664_iter0_score_62_gp140_ztare_discovery_meta.json	2026-04-24
GP-140	project	active	projects/gp140_ztare_discovery/history/1777000664_iter1_score_83_gp140_ztare_discovery.md	2026-04-24
GP-140	project	active	projects/gp140_ztare_discovery/history/1777000664_iter1_score_83_gp140_ztare_discovery_dag.json	2026-04-24
GP-140	project	active	projects/gp140_ztare_discovery/history/1777000664_iter1_score_83_gp140_ztare_discovery_meta.json	2026-04-24
GP-140	project	active	projects/gp140_ztare_discovery/history/1777001211_iter0_score_38_gp140_ztare_discovery.md	2026-04-24
GP-140	project	active	projects/gp140_ztare_discovery/history/1777001211_iter0_score_38_gp140_ztare_discovery_dag.json	2026-04-24
GP-140	project	active	projects/gp140_ztare_discovery/history/1777001211_iter0_score_38_gp140_ztare_discovery_meta.json	2026-04-24
GP-140	project	active	projects/gp140_ztare_discovery/history/1777001211_iter2_score_42_gp140_ztare_discovery.md	2026-04-24
GP-140	project	active	projects/gp140_ztare_discovery/history/1777001211_iter2_score_42_gp140_ztare_discovery_dag.json	2026-04-24
GP-140	project	active	projects/gp140_ztare_discovery/history/1777001211_iter2_score_42_gp140_ztare_discovery_meta.json	2026-04-24
GP-140	project	active	projects/gp140_ztare_discovery/history/1777001211_iter3_score_68_gp140_ztare_discovery.md	2026-04-24
GP-140	project	active	projects/gp140_ztare_discovery/history/1777001211_iter3_score_68_gp140_ztare_discovery_dag.json	2026-04-24
GP-140	project	active	projects/gp140_ztare_discovery/history/1777001211_iter3_score_68_gp140_ztare_discovery_meta.json	2026-04-24
GP-140	project	active	projects/gp140_ztare_discovery/history/1777001901_iter1_score_35_gp140_ztare_discovery.md	2026-04-24
GP-140	project	active	projects/gp140_ztare_discovery/history/1777001901_iter1_score_35_gp140_ztare_discovery_dag.json	2026-04-24
GP-140	project	active	projects/gp140_ztare_discovery/history/1777001901_iter1_score_35_gp140_ztare_discovery_meta.json	2026-04-24
GP-140	project	active	projects/gp140_ztare_discovery/history/1777001901_iter2_score_38_gp140_ztare_discovery.md	2026-04-24
GP-140	project	active	projects/gp140_ztare_discovery/history/1777001901_iter2_score_38_gp140_ztare_discovery_dag.json	2026-04-24
GP-140	project	active	projects/gp140_ztare_discovery/history/1777001901_iter2_score_38_gp140_ztare_discovery_meta.json	2026-04-24
GP-140	project	active	projects/gp140_ztare_discovery/history/1777002727_iter0_score_28_gp140_ztare_discovery.md	2026-04-24
GP-140	project	active	projects/gp140_ztare_discovery/history/1777002727_iter0_score_28_gp140_ztare_discovery_dag.json	2026-04-24
GP-140	project	active	projects/gp140_ztare_discovery/history/1777002727_iter0_score_28_gp140_ztare_discovery_meta.json	2026-04-24
GP-140	project	active	projects/gp140_ztare_discovery/history/1777002727_iter1_score_58_gp140_ztare_discovery.md	2026-04-24
GP-140	project	active	projects/gp140_ztare_discovery/history/1777002727_iter1_score_58_gp140_ztare_discovery_dag.json	2026-04-24
GP-140	project	active	projects/gp140_ztare_discovery/history/1777002727_iter1_score_58_gp140_ztare_discovery_meta.json	2026-04-24
GP-140	project	active	projects/gp140_ztare_discovery/history/1777002727_iter2_score_64_gp140_ztare_discovery.md	2026-04-24
GP-140	project	active	projects/gp140_ztare_discovery/history/1777002727_iter2_score_64_gp140_ztare_discovery_dag.json	2026-04-24
GP-140	project	active	projects/gp140_ztare_discovery/history/1777002727_iter2_score_64_gp140_ztare_discovery_meta.json	2026-04-24
GP-140	project	active	projects/gp140_ztare_discovery/history/1777002727_iter3_score_66_gp140_ztare_discovery.md	2026-04-24
GP-140	project	active	projects/gp140_ztare_discovery/history/1777002727_iter3_score_66_gp140_ztare_discovery_dag.json	2026-04-24
GP-140	project	active	projects/gp140_ztare_discovery/history/1777002727_iter3_score_66_gp140_ztare_discovery_meta.json	2026-04-24
GP-140	project	active	projects/gp140_ztare_discovery/history/1777003574_iter0_score_50_gp140_ztare_discovery.md	2026-04-24
GP-140	project	active	projects/gp140_ztare_discovery/history/1777003574_iter0_score_50_gp140_ztare_discovery_dag.json	2026-04-24
GP-140	project	active	projects/gp140_ztare_discovery/history/1777003574_iter0_score_50_gp140_ztare_discovery_meta.json	2026-04-24
GP-140	project	active	projects/gp140_ztare_discovery/history/1777004437_iter0_score_12_gp140_ztare_discovery.md	2026-04-24
GP-140	project	active	projects/gp140_ztare_discovery/history/1777004437_iter0_score_12_gp140_ztare_discovery_dag.json	2026-04-24
GP-140	project	active	projects/gp140_ztare_discovery/history/1777004437_iter0_score_12_gp140_ztare_discovery_meta.json	2026-04-24
GP-140	project	active	projects/gp140_ztare_discovery/history/1777004437_iter1_score_45_gp140_ztare_discovery.md	2026-04-24
GP-140	project	active	projects/gp140_ztare_discovery/history/1777004437_iter1_score_45_gp140_ztare_discovery_dag.json	2026-04-24
GP-140	project	active	projects/gp140_ztare_discovery/history/1777004437_iter1_score_45_gp140_ztare_discovery_meta.json	2026-04-24
GP-140	project	active	projects/gp140_ztare_discovery/history/1777004437_iter3_score_60_gp140_ztare_discovery.md	2026-04-24
GP-140	project	active	projects/gp140_ztare_discovery/history/1777004437_iter3_score_60_gp140_ztare_discovery_dag.json	2026-04-24
GP-140	project	active	projects/gp140_ztare_discovery/history/1777004437_iter3_score_60_gp140_ztare_discovery_meta.json	2026-04-24
GP-140	project	active	projects/gp140_ztare_discovery/history/1777004437_iter5_score_78_gp140_ztare_discovery.md	2026-04-24
GP-140	project	active	projects/gp140_ztare_discovery/history/1777004437_iter5_score_78_gp140_ztare_discovery_dag.json	2026-04-24
GP-140	project	active	projects/gp140_ztare_discovery/history/1777004437_iter5_score_78_gp140_ztare_discovery_meta.json	2026-04-24
GP-140	project	active	projects/gp140_ztare_discovery/history/1777004998_iter5_score_65_gp140_ztare_discovery.md	2026-04-24
GP-140	project	active	projects/gp140_ztare_discovery/history/1777004998_iter5_score_65_gp140_ztare_discovery_dag.json	2026-04-24
GP-140	project	active	projects/gp140_ztare_discovery/history/1777004998_iter5_score_65_gp140_ztare_discovery_meta.json	2026-04-24
GP-140	project	active	projects/gp140_ztare_discovery/history/1777004998_iter6_score_72_gp140_ztare_discovery.md	2026-04-24
GP-140	project	active	projects/gp140_ztare_discovery/history/1777004998_iter6_score_72_gp140_ztare_discovery_dag.json	2026-04-24
GP-140	project	active	projects/gp140_ztare_discovery/history/1777004998_iter6_score_72_gp140_ztare_discovery_meta.json	2026-04-24
GP-140	project	active	projects/gp140_ztare_discovery/history/1777005728_iter2_score_78_gp140_ztare_discovery.md	2026-04-24
GP-140	project	active	projects/gp140_ztare_discovery/history/1777005728_iter2_score_78_gp140_ztare_discovery_dag.json	2026-04-24
GP-140	project	active	projects/gp140_ztare_discovery/history/1777005728_iter2_score_78_gp140_ztare_discovery_meta.json	2026-04-24
GP-140	project	active	projects/gp140_ztare_discovery/history/1777032514_iter0_score_72_gp140_ztare_discovery.md	2026-04-24
GP-140	project	active	projects/gp140_ztare_discovery/history/1777032514_iter0_score_72_gp140_ztare_discovery_dag.json	2026-04-24
GP-140	project	active	projects/gp140_ztare_discovery/history/1777032514_iter0_score_72_gp140_ztare_discovery_meta.json	2026-04-24
GP-140	project	active	projects/gp140_ztare_discovery/history/1777033988_iter10_score_87_gp140_ztare_discovery.md	2026-04-24
GP-140	project	active	projects/gp140_ztare_discovery/history/1777033988_iter10_score_87_gp140_ztare_discovery_dag.json	2026-04-24
GP-140	project	active	projects/gp140_ztare_discovery/history/1777033988_iter10_score_87_gp140_ztare_discovery_meta.json	2026-04-24
GP-140	project	active	projects/gp140_ztare_discovery/history/1777033988_iter2_score_65_gp140_ztare_discovery.md	2026-04-24
GP-140	project	active	projects/gp140_ztare_discovery/history/1777033988_iter2_score_65_gp140_ztare_discovery_dag.json	2026-04-24
GP-140	project	active	projects/gp140_ztare_discovery/history/1777033988_iter2_score_65_gp140_ztare_discovery_meta.json	2026-04-24
GP-140	project	active	projects/gp140_ztare_discovery/history/1777033988_iter4_score_78_gp140_ztare_discovery.md	2026-04-24
GP-140	project	active	projects/gp140_ztare_discovery/history/1777033988_iter4_score_78_gp140_ztare_discovery_dag.json	2026-04-24
GP-140	project	active	projects/gp140_ztare_discovery/history/1777033988_iter4_score_78_gp140_ztare_discovery_meta.json	2026-04-24
GP-140	project	active	projects/gp140_ztare_discovery/workspace/archive_mlh_contaminated/history/1776989166_iter0_score_30_gp140_ztare_discovery.md	2026-04-24
GP-140	project	active	projects/gp140_ztare_discovery/workspace/archive_mlh_contaminated/history/1776989166_iter0_score_30_gp140_ztare_discovery_dag.json	2026-04-24
GP-140	project	active	projects/gp140_ztare_discovery/workspace/archive_mlh_contaminated/history/1776989166_iter0_score_30_gp140_ztare_discovery_meta.json	2026-04-24
GP-140	project	active	projects/gp140_ztare_discovery/workspace/archive_mlh_contaminated/history/1776989166_iter1_score_78_gp140_ztare_discovery.md	2026-04-24
GP-140	project	active	projects/gp140_ztare_discovery/workspace/archive_mlh_contaminated/history/1776989166_iter1_score_78_gp140_ztare_discovery_dag.json	2026-04-24
GP-140	project	active	projects/gp140_ztare_discovery/workspace/archive_mlh_contaminated/history/1776989166_iter1_score_78_gp140_ztare_discovery_meta.json	2026-04-24
GP-140	project	active	projects/gp140_ztare_discovery/workspace/archive_mlh_contaminated/history/1776989166_iter2_score_88_gp140_ztare_discovery.md	2026-04-24
GP-140	project	active	projects/gp140_ztare_discovery/workspace/archive_mlh_contaminated/history/1776989166_iter2_score_88_gp140_ztare_discovery_dag.json	2026-04-24
GP-140	project	active	projects/gp140_ztare_discovery/workspace/archive_mlh_contaminated/history/1776989166_iter2_score_88_gp140_ztare_discovery_meta.json	2026-04-24
GP-140	project	active	projects/gp140_ztare_discovery/workspace/archive_v2_reset_2026-04-24/history/1776989889_iter0_score_0_gp140_ztare_discovery.md	2026-04-24
GP-140	project	active	projects/gp140_ztare_discovery/workspace/archive_v2_reset_2026-04-24/history/1776989889_iter0_score_0_gp140_ztare_discovery_dag.json	2026-04-24
GP-140	project	active	projects/gp140_ztare_discovery/workspace/archive_v2_reset_2026-04-24/history/1776989889_iter0_score_0_gp140_ztare_discovery_meta.json	2026-04-24
GP-140	project	active	projects/gp140_ztare_discovery/workspace/archive_v2_reset_2026-04-24/history/1776989889_iter1_score_74_gp140_ztare_discovery.md	2026-04-24
GP-140	project	active	projects/gp140_ztare_discovery/workspace/archive_v2_reset_2026-04-24/history/1776989889_iter1_score_74_gp140_ztare_discovery_dag.json	2026-04-24
GP-140	project	active	projects/gp140_ztare_discovery/workspace/archive_v2_reset_2026-04-24/history/1776989889_iter1_score_74_gp140_ztare_discovery_meta.json	2026-04-24
GP-140	project	active	projects/gp140_ztare_discovery/workspace/archive_v2_reset_2026-04-24/history/1776989889_iter3_score_94_gp140_ztare_discovery.md	2026-04-24
GP-140	project	active	projects/gp140_ztare_discovery/workspace/archive_v2_reset_2026-04-24/history/1776989889_iter3_score_94_gp140_ztare_discovery_dag.json	2026-04-24
GP-140	project	active	projects/gp140_ztare_discovery/workspace/archive_v2_reset_2026-04-24/history/1776989889_iter3_score_94_gp140_ztare_discovery_meta.json	2026-04-24
GP-140	project	active	projects/gp140_ztare_discovery/workspace/archive_v2_reset_2026-04-24/history/1776989889_iter5_score_96_gp140_ztare_discovery.md	2026-04-24
GP-140	project	active	projects/gp140_ztare_discovery/workspace/archive_v2_reset_2026-04-24/history/1776989889_iter5_score_96_gp140_ztare_discovery_dag.json	2026-04-24
GP-140	project	active	projects/gp140_ztare_discovery/workspace/archive_v2_reset_2026-04-24/history/1776989889_iter5_score_96_gp140_ztare_discovery_meta.json	2026-04-24
GP-140	project	active	projects/gp140_ztare_discovery/workspace/archive_v2_reset_2026-04-24/history/1776992726_iter0_score_0_gp140_ztare_discovery.md	2026-04-24
GP-140	project	active	projects/gp140_ztare_discovery/workspace/archive_v2_reset_2026-04-24/history/1776992726_iter0_score_0_gp140_ztare_discovery_dag.json	2026-04-24
GP-140	project	active	projects/gp140_ztare_discovery/workspace/archive_v2_reset_2026-04-24/history/1776992726_iter0_score_0_gp140_ztare_discovery_meta.json	2026-04-24
GP-140	project	active	projects/gp140_ztare_discovery/workspace/archive_v2_reset_2026-04-24/history/1776992726_iter1_score_77_gp140_ztare_discovery.md	2026-04-24
GP-140	project	active	projects/gp140_ztare_discovery/workspace/archive_v2_reset_2026-04-24/history/1776992726_iter1_score_77_gp140_ztare_discovery_dag.json	2026-04-24
GP-140	project	active	projects/gp140_ztare_discovery/workspace/archive_v2_reset_2026-04-24/history/1776992726_iter1_score_77_gp140_ztare_discovery_meta.json	2026-04-24
GP-140	project	active	projects/gp140_ztare_discovery/workspace/archive_v2_reset_2026-04-24/history/1776992726_iter2_score_84_gp140_ztare_discovery.md	2026-04-24
GP-140	project	active	projects/gp140_ztare_discovery/workspace/archive_v2_reset_2026-04-24/history/1776992726_iter2_score_84_gp140_ztare_discovery_dag.json	2026-04-24
GP-140	project	active	projects/gp140_ztare_discovery/workspace/archive_v2_reset_2026-04-24/history/1776992726_iter2_score_84_gp140_ztare_discovery_meta.json	2026-04-24
GP-140	project	active	projects/gp140_ztare_discovery/workspace/archive_v2_reset_2026-04-24/history/1776992726_iter9_score_87_gp140_ztare_discovery.md	2026-04-24
GP-140	project	active	projects/gp140_ztare_discovery/workspace/archive_v2_reset_2026-04-24/history/1776992726_iter9_score_87_gp140_ztare_discovery_dag.json	2026-04-24
GP-140	project	active	projects/gp140_ztare_discovery/workspace/archive_v2_reset_2026-04-24/history/1776992726_iter9_score_87_gp140_ztare_discovery_meta.json	2026-04-24
GP-140	project	active	projects/gp140_ztare_discovery/workspace/archive_v2_reset_2026-04-24/history/1776996948_iter0_score_0_gp140_ztare_discovery.md	2026-04-24
GP-140	project	active	projects/gp140_ztare_discovery/workspace/archive_v2_reset_2026-04-24/history/1776996948_iter0_score_0_gp140_ztare_discovery_dag.json	2026-04-24
GP-140	project	active	projects/gp140_ztare_discovery/workspace/archive_v2_reset_2026-04-24/history/1776996948_iter0_score_0_gp140_ztare_discovery_meta.json	2026-04-24
GP-140	project	active	projects/gp140_ztare_discovery/workspace/archive_v2_reset_2026-04-24/history/1776996948_iter1_score_76_gp140_ztare_discovery.md	2026-04-24
GP-140	project	active	projects/gp140_ztare_discovery/workspace/archive_v2_reset_2026-04-24/history/1776996948_iter1_score_76_gp140_ztare_discovery_dag.json	2026-04-24
GP-140	project	active	projects/gp140_ztare_discovery/workspace/archive_v2_reset_2026-04-24/history/1776996948_iter1_score_76_gp140_ztare_discovery_meta.json	2026-04-24
GP-140	project	active	projects/gp140_ztare_discovery/workspace/archive_v2_reset_2026-04-24/history/1776998267_iter1_score_67_gp140_ztare_discovery.md	2026-04-24
GP-140	project	active	projects/gp140_ztare_discovery/workspace/archive_v2_reset_2026-04-24/history/1776998267_iter1_score_67_gp140_ztare_discovery_dag.json	2026-04-24
GP-140	project	active	projects/gp140_ztare_discovery/workspace/archive_v2_reset_2026-04-24/history/1776998267_iter1_score_67_gp140_ztare_discovery_meta.json	2026-04-24
GP-140	project	active	projects/gp140_ztare_discovery/workspace/archive_v2_reset_2026-04-24/history/1776998630_iter0_score_28_gp140_ztare_discovery.md	2026-04-24
GP-140	project	active	projects/gp140_ztare_discovery/workspace/archive_v2_reset_2026-04-24/history/1776998630_iter0_score_28_gp140_ztare_discovery_dag.json	2026-04-24
GP-140	project	active	projects/gp140_ztare_discovery/workspace/archive_v2_reset_2026-04-24/history/1776998630_iter0_score_28_gp140_ztare_discovery_meta.json	2026-04-24
GP-140	project	active	projects/gp140_ztare_discovery/workspace/archive_v2_reset_2026-04-24/history/1776998630_iter1_score_68_gp140_ztare_discovery.md	2026-04-24
GP-140	project	active	projects/gp140_ztare_discovery/workspace/archive_v2_reset_2026-04-24/history/1776998630_iter1_score_68_gp140_ztare_discovery_dag.json	2026-04-24
GP-140	project	active	projects/gp140_ztare_discovery/workspace/archive_v2_reset_2026-04-24/history/1776998630_iter1_score_68_gp140_ztare_discovery_meta.json	2026-04-24
GP-140	rubric	active	rubrics/dynamic_gp140_ztare_discovery.json	2026-04-24
GP-140	rubric	active	rubrics/gp140_ztare_discovery.json	2026-04-24
GP-140	seam	active	research_areas/private/seams/mission/GP-140_ztare_discovery_seam.md	2026-04-23
GP-141	seam	active	research_areas/private/seams/mission/GP-141_continuous_A_plus_B_reference_implementation_seam.md	2026-04-24
GP-143	seam	active	research_areas/private/seams/engine/GP-143_continuous_chaotic_kernel_integration_seam.md	2026-04-24
GP-143	spec	active	research_areas/private/specs/active/GP-143_continuous_chaotic_kernel_integration_spec.md	2026-04-24
GP-143	spec	active	research_areas/private/specs/active/GP-143_phase_cd_patches.py	2026-04-24
GP-144	seam	active	research_areas/private/seams/engine/GP-144_new_science_claim_discipline_seam.md	2026-04-24
GP-145	project	active	projects/gp145_saw_mu_square	2026-04-24
GP-145	project	active	projects/gp145_saw_mu_square/history/1777036455_iter0_score_8_gp145_saw_mu_square.md	2026-04-24
GP-145	project	active	projects/gp145_saw_mu_square/history/1777036455_iter0_score_8_gp145_saw_mu_square_dag.json	2026-04-24
GP-145	project	active	projects/gp145_saw_mu_square/history/1777036455_iter0_score_8_gp145_saw_mu_square_meta.json	2026-04-24
GP-145	project	active	projects/gp145_saw_mu_square/history/1777036455_iter10_score_56_gp145_saw_mu_square.md	2026-04-24
GP-145	project	active	projects/gp145_saw_mu_square/history/1777036455_iter10_score_56_gp145_saw_mu_square_dag.json	2026-04-24
GP-145	project	active	projects/gp145_saw_mu_square/history/1777036455_iter10_score_56_gp145_saw_mu_square_meta.json	2026-04-24
GP-145	project	active	projects/gp145_saw_mu_square/history/1777036455_iter1_score_42_gp145_saw_mu_square.md	2026-04-24
GP-145	project	active	projects/gp145_saw_mu_square/history/1777036455_iter1_score_42_gp145_saw_mu_square_dag.json	2026-04-24
GP-145	project	active	projects/gp145_saw_mu_square/history/1777036455_iter1_score_42_gp145_saw_mu_square_meta.json	2026-04-24
GP-145	project	active	projects/gp145_saw_mu_square/history/1777036455_iter6_score_43_gp145_saw_mu_square.md	2026-04-24
GP-145	project	active	projects/gp145_saw_mu_square/history/1777036455_iter6_score_43_gp145_saw_mu_square_dag.json	2026-04-24
GP-145	project	active	projects/gp145_saw_mu_square/history/1777036455_iter6_score_43_gp145_saw_mu_square_meta.json	2026-04-24
GP-145	project	active	projects/gp145_saw_mu_square/history/1777036455_iter7_score_52_gp145_saw_mu_square.md	2026-04-24
GP-145	project	active	projects/gp145_saw_mu_square/history/1777036455_iter7_score_52_gp145_saw_mu_square_dag.json	2026-04-24
GP-145	project	active	projects/gp145_saw_mu_square/history/1777036455_iter7_score_52_gp145_saw_mu_square_meta.json	2026-04-24
GP-145	project	active	projects/gp145b_saw_narrow_null	2026-04-24
GP-145	project	active	projects/gp145b_saw_narrow_null/history/1777037959_iter0_score_18_gp145b_saw_narrow_null.md	2026-04-24
GP-145	project	active	projects/gp145b_saw_narrow_null/history/1777037959_iter0_score_18_gp145b_saw_narrow_null_dag.json	2026-04-24
GP-145	project	active	projects/gp145b_saw_narrow_null/history/1777037959_iter0_score_18_gp145b_saw_narrow_null_meta.json	2026-04-24
GP-145	project	active	projects/gp145b_saw_narrow_null/history/1777037959_iter1_score_24_gp145b_saw_narrow_null.md	2026-04-24
GP-145	project	active	projects/gp145b_saw_narrow_null/history/1777037959_iter1_score_24_gp145b_saw_narrow_null_dag.json	2026-04-24
GP-145	project	active	projects/gp145b_saw_narrow_null/history/1777037959_iter1_score_24_gp145b_saw_narrow_null_meta.json	2026-04-24
GP-145	project	active	projects/gp145b_saw_narrow_null/history/1777037959_iter2_score_38_gp145b_saw_narrow_null.md	2026-04-24
GP-145	project	active	projects/gp145b_saw_narrow_null/history/1777037959_iter2_score_38_gp145b_saw_narrow_null_dag.json	2026-04-24
GP-145	project	active	projects/gp145b_saw_narrow_null/history/1777037959_iter2_score_38_gp145b_saw_narrow_null_meta.json	2026-04-24
GP-145	project	active	projects/gp145b_saw_narrow_null/history/1777058292_iter0_score_28_gp145b_saw_narrow_null.md	2026-04-24
GP-145	project	active	projects/gp145b_saw_narrow_null/history/1777058292_iter0_score_28_gp145b_saw_narrow_null_dag.json	2026-04-24
GP-145	project	active	projects/gp145b_saw_narrow_null/history/1777058292_iter0_score_28_gp145b_saw_narrow_null_meta.json	2026-04-24
GP-145	project	active	projects/gp145b_saw_narrow_null/history/1777058292_iter2_score_35_gp145b_saw_narrow_null.md	2026-04-24
GP-145	project	active	projects/gp145b_saw_narrow_null/history/1777058292_iter2_score_35_gp145b_saw_narrow_null_dag.json	2026-04-24
GP-145	project	active	projects/gp145b_saw_narrow_null/history/1777058292_iter2_score_35_gp145b_saw_narrow_null_meta.json	2026-04-24
GP-145	project	active	projects/gp145b_saw_narrow_null/history/1777058292_iter3_score_38_gp145b_saw_narrow_null.md	2026-04-24
GP-145	project	active	projects/gp145b_saw_narrow_null/history/1777058292_iter3_score_38_gp145b_saw_narrow_null_dag.json	2026-04-24
GP-145	project	active	projects/gp145b_saw_narrow_null/history/1777058292_iter3_score_38_gp145b_saw_narrow_null_meta.json	2026-04-24
GP-145	project	active	projects/gp145b_saw_narrow_null/history/1777059011_iter0_score_42_gp145b_saw_narrow_null.md	2026-04-24
GP-145	project	active	projects/gp145b_saw_narrow_null/history/1777059011_iter0_score_42_gp145b_saw_narrow_null_dag.json	2026-04-24
GP-145	project	active	projects/gp145b_saw_narrow_null/history/1777059011_iter0_score_42_gp145b_saw_narrow_null_meta.json	2026-04-24
GP-145	project	active	projects/gp145b_saw_narrow_null/history/1777059011_iter1_score_47_gp145b_saw_narrow_null.md	2026-04-24
GP-145	project	active	projects/gp145b_saw_narrow_null/history/1777059011_iter1_score_47_gp145b_saw_narrow_null_dag.json	2026-04-24
GP-145	project	active	projects/gp145b_saw_narrow_null/history/1777059011_iter1_score_47_gp145b_saw_narrow_null_meta.json	2026-04-24
GP-145	project	active	projects/gp145b_saw_narrow_null/history/1777059011_iter2_score_62_gp145b_saw_narrow_null.md	2026-04-24
GP-145	project	active	projects/gp145b_saw_narrow_null/history/1777059011_iter2_score_62_gp145b_saw_narrow_null_dag.json	2026-04-24
GP-145	project	active	projects/gp145b_saw_narrow_null/history/1777059011_iter2_score_62_gp145b_saw_narrow_null_meta.json	2026-04-24
GP-145	project	active	projects/gp145b_saw_narrow_null/history/1777059011_iter4_score_66_gp145b_saw_narrow_null.md	2026-04-24
GP-145	project	active	projects/gp145b_saw_narrow_null/history/1777059011_iter4_score_66_gp145b_saw_narrow_null_dag.json	2026-04-24
GP-145	project	active	projects/gp145b_saw_narrow_null/history/1777059011_iter4_score_66_gp145b_saw_narrow_null_meta.json	2026-04-24
GP-145	project	active	projects/gp145b_saw_narrow_null/history/1777066414_iter0_score_34_gp145b_saw_narrow_null.md	2026-04-24
GP-145	project	active	projects/gp145b_saw_narrow_null/history/1777066414_iter0_score_34_gp145b_saw_narrow_null_dag.json	2026-04-24
GP-145	project	active	projects/gp145b_saw_narrow_null/history/1777066414_iter0_score_34_gp145b_saw_narrow_null_meta.json	2026-04-24
GP-145	project	active	projects/gp145b_saw_narrow_null/history/1777066414_iter10_score_48_gp145b_saw_narrow_null.md	2026-04-24
GP-145	project	active	projects/gp145b_saw_narrow_null/history/1777066414_iter10_score_48_gp145b_saw_narrow_null_dag.json	2026-04-24
GP-145	project	active	projects/gp145b_saw_narrow_null/history/1777066414_iter10_score_48_gp145b_saw_narrow_null_meta.json	2026-04-24
GP-145	project	active	projects/gp145b_saw_narrow_null/history/1777066414_iter1_score_37_gp145b_saw_narrow_null.md	2026-04-24
GP-145	project	active	projects/gp145b_saw_narrow_null/history/1777066414_iter1_score_37_gp145b_saw_narrow_null_dag.json	2026-04-24
GP-145	project	active	projects/gp145b_saw_narrow_null/history/1777066414_iter1_score_37_gp145b_saw_narrow_null_meta.json	2026-04-24
GP-145	project	active	projects/gp145b_saw_narrow_null/history/1777066414_iter4_score_38_gp145b_saw_narrow_null.md	2026-04-24
GP-145	project	active	projects/gp145b_saw_narrow_null/history/1777066414_iter4_score_38_gp145b_saw_narrow_null_dag.json	2026-04-24
GP-145	project	active	projects/gp145b_saw_narrow_null/history/1777066414_iter4_score_38_gp145b_saw_narrow_null_meta.json	2026-04-24
GP-145	rubric	active	rubrics/gp145_saw_mu_square.json	2026-04-24
GP-145	rubric	active	rubrics/gp145b_saw_narrow_null.json	2026-04-24
GP-145	seam	active	research_areas/private/seams/engine/GP-145_saw_mu_square_seam.md	2026-04-24
GP-146	project	active	projects/gp146_arnold_cat_map_validation	2026-04-24
GP-146	project	active	projects/gp146_arnold_cat_map_validation/history/1777067706_iter0_score_5_gp146_arnold_cat_map_validation.md	2026-04-24
GP-146	project	active	projects/gp146_arnold_cat_map_validation/history/1777067706_iter0_score_5_gp146_arnold_cat_map_validation_dag.json	2026-04-24
GP-146	project	active	projects/gp146_arnold_cat_map_validation/history/1777067706_iter0_score_5_gp146_arnold_cat_map_validation_meta.json	2026-04-24
GP-146	project	active	projects/gp146_arnold_cat_map_validation/history/1777067706_iter1_score_92_gp146_arnold_cat_map_validation.md	2026-04-24
GP-146	project	active	projects/gp146_arnold_cat_map_validation/history/1777067706_iter1_score_92_gp146_arnold_cat_map_validation_dag.json	2026-04-24
GP-146	project	active	projects/gp146_arnold_cat_map_validation/history/1777067706_iter1_score_92_gp146_arnold_cat_map_validation_meta.json	2026-04-24
GP-146	project	active	projects/gp146_arnold_cat_map_validation/workspace/gp146_plant_verdict.json	2026-04-24
GP-146	rubric	active	rubrics/gp146_arnold_cat_map_validation.json	2026-04-24
GP-147	project	active	projects/gp147_gate_discovery_validation	2026-04-24
GP-147	project	active	projects/gp147_gate_discovery_validation/history/1777034521_iter0_score_5_gp147_gate_discovery_validation.md	2026-04-24
GP-147	project	active	projects/gp147_gate_discovery_validation/history/1777034521_iter0_score_5_gp147_gate_discovery_validation_dag.json	2026-04-24
GP-147	project	active	projects/gp147_gate_discovery_validation/history/1777034521_iter0_score_5_gp147_gate_discovery_validation_meta.json	2026-04-24
GP-147	project	active	projects/gp147_gate_discovery_validation/history/1777034521_iter1_score_78_gp147_gate_discovery_validation.md	2026-04-24
GP-147	project	active	projects/gp147_gate_discovery_validation/history/1777034521_iter1_score_78_gp147_gate_discovery_validation_dag.json	2026-04-24
GP-147	project	active	projects/gp147_gate_discovery_validation/history/1777034521_iter1_score_78_gp147_gate_discovery_validation_meta.json	2026-04-24
GP-147	project	active	projects/gp147_gate_discovery_validation/history/1777034521_iter2_score_88_gp147_gate_discovery_validation.md	2026-04-24
GP-147	project	active	projects/gp147_gate_discovery_validation/history/1777034521_iter2_score_88_gp147_gate_discovery_validation_dag.json	2026-04-24
GP-147	project	active	projects/gp147_gate_discovery_validation/history/1777034521_iter2_score_88_gp147_gate_discovery_validation_meta.json	2026-04-24
GP-147	rubric	active	rubrics/gp147_gate_discovery_validation.json	2026-04-24
GP-148	seam	active	research_areas/private/seams/engine/GP-148_void_mining_seam.md	2026-04-24
GP-149	seam	active	research_areas/private/seams/engine/GP-149_failure_taxonomy_hardening_primitives_seam.md	2026-04-24
GP-149	seam	active	research_areas/private/seams/engine/GP-149_mining_findings_and_interventions_seam.md	2026-04-24
GP-150	project	active	projects/gp150_epistemic_boundary_audit	2026-04-24
GP-150	project	active	projects/gp150_epistemic_boundary_audit/history/1777059541_iter0_score_6_gp150_epistemic_boundary_audit.md	2026-04-24
GP-150	project	active	projects/gp150_epistemic_boundary_audit/history/1777059541_iter0_score_6_gp150_epistemic_boundary_audit_dag.json	2026-04-24
GP-150	project	active	projects/gp150_epistemic_boundary_audit/history/1777059541_iter0_score_6_gp150_epistemic_boundary_audit_meta.json	2026-04-24
GP-150	project	active	projects/gp150_epistemic_boundary_audit/history/1777059541_iter1_score_46_gp150_epistemic_boundary_audit.md	2026-04-24
GP-150	project	active	projects/gp150_epistemic_boundary_audit/history/1777059541_iter1_score_46_gp150_epistemic_boundary_audit_dag.json	2026-04-24
GP-150	project	active	projects/gp150_epistemic_boundary_audit/history/1777059541_iter1_score_46_gp150_epistemic_boundary_audit_meta.json	2026-04-24
GP-150	project	active	projects/gp150_epistemic_boundary_audit/history/1777059541_iter3_score_78_gp150_epistemic_boundary_audit.md	2026-04-24
GP-150	project	active	projects/gp150_epistemic_boundary_audit/history/1777059541_iter3_score_78_gp150_epistemic_boundary_audit_dag.json	2026-04-24
GP-150	project	active	projects/gp150_epistemic_boundary_audit/history/1777059541_iter3_score_78_gp150_epistemic_boundary_audit_meta.json	2026-04-24
GP-150	project	active	projects/gp150_epistemic_boundary_audit/history/1777062172_iter0_score_25_gp150_epistemic_boundary_audit.md	2026-04-24
GP-150	project	active	projects/gp150_epistemic_boundary_audit/history/1777062172_iter0_score_25_gp150_epistemic_boundary_audit_dag.json	2026-04-24
GP-150	project	active	projects/gp150_epistemic_boundary_audit/history/1777062172_iter0_score_25_gp150_epistemic_boundary_audit_meta.json	2026-04-24
GP-150	project	active	projects/gp150_epistemic_boundary_audit/history/1777062172_iter1_score_71_gp150_epistemic_boundary_audit.md	2026-04-24
GP-150	project	active	projects/gp150_epistemic_boundary_audit/history/1777062172_iter1_score_71_gp150_epistemic_boundary_audit_dag.json	2026-04-24
GP-150	project	active	projects/gp150_epistemic_boundary_audit/history/1777062172_iter1_score_71_gp150_epistemic_boundary_audit_meta.json	2026-04-24
GP-150	rubric	active	rubrics/gp150_epistemic_boundary_audit.json	2026-04-24
GP-151	seam	active	research_areas/private/seams/engine/GP-151_classifier_telemetry_downgrade_seam.md	2026-04-24
GP-152	postmortem	active	research_areas/private/postmortems/gp152_153_ztare_on_ztare_sycophancy_loop_2026_04_25.md	2026-04-25
GP-152	project	active	projects/gp152_framer_architecture_audit	2026-04-24
GP-152	project	active	projects/gp152_framer_architecture_audit/history/1777068641_iter0_score_8_gp152_framer_architecture_audit.md	2026-04-24
GP-152	project	active	projects/gp152_framer_architecture_audit/history/1777068641_iter0_score_8_gp152_framer_architecture_audit_dag.json	2026-04-24
GP-152	project	active	projects/gp152_framer_architecture_audit/history/1777068641_iter0_score_8_gp152_framer_architecture_audit_meta.json	2026-04-24
GP-152	project	active	projects/gp152_framer_architecture_audit/history/1777068641_iter1_score_91_gp152_framer_architecture_audit.md	2026-04-24
GP-152	project	active	projects/gp152_framer_architecture_audit/history/1777068641_iter1_score_91_gp152_framer_architecture_audit_dag.json	2026-04-24
GP-152	project	active	projects/gp152_framer_architecture_audit/history/1777068641_iter1_score_91_gp152_framer_architecture_audit_meta.json	2026-04-24
GP-152	project	active	projects/gp152_framer_architecture_audit/history/1777070141_iter0_score_91_gp152_framer_architecture_audit.md	2026-04-24
GP-152	project	active	projects/gp152_framer_architecture_audit/history/1777070141_iter0_score_91_gp152_framer_architecture_audit_dag.json	2026-04-24
GP-152	project	active	projects/gp152_framer_architecture_audit/history/1777070141_iter0_score_91_gp152_framer_architecture_audit_meta.json	2026-04-24
GP-152	rubric	active	rubrics/gp152_framer_architecture_audit.json	2026-04-24
GP-152	spec	active	research_areas/private/specs/active/GP-152_framer_architecture_spec_v1.md	2026-04-24
GP-152	spec	active	research_areas/private/specs/active/GP-152_framer_architecture_spec_v1_1.md	2026-04-24
GP-152	spec	active	research_areas/private/specs/active/GP-152_framer_architecture_spec_v1_2.md	2026-04-24
GP-152	spec	active	research_areas/private/specs/active/GP-152_framer_architecture_spec_v2.md	2026-04-24
GP-153	project	active	projects/gp153_framer_spec_critique	2026-04-24
GP-153	project	active	projects/gp153_framer_spec_critique/history/1777070378_iter0_score_88_gp153_framer_spec_critique.md	2026-04-24
GP-153	project	active	projects/gp153_framer_spec_critique/history/1777070378_iter0_score_88_gp153_framer_spec_critique_dag.json	2026-04-24
GP-153	project	active	projects/gp153_framer_spec_critique/history/1777070378_iter0_score_88_gp153_framer_spec_critique_meta.json	2026-04-24
GP-153	project	active	projects/gp153_framer_spec_critique/history/1777071436_iter0_score_91_gp153_framer_spec_critique.md	2026-04-24
GP-153	project	active	projects/gp153_framer_spec_critique/history/1777071436_iter0_score_91_gp153_framer_spec_critique_dag.json	2026-04-24
GP-153	project	active	projects/gp153_framer_spec_critique/history/1777071436_iter0_score_91_gp153_framer_spec_critique_meta.json	2026-04-24
GP-153	rubric	active	rubrics/dynamic_gp153_framer_spec_critique.json	2026-04-24
GP-153	rubric	active	rubrics/gp153_framer_spec_critique.json	2026-04-24
GP-154	project	active	projects/gp154_scaling_law_exponents	2026-04-25
GP-154	project	active	projects/gp154_scaling_law_exponents/history/1777075534_iter0_score_0_gp154_scaling_law_exponents.md	2026-04-25
GP-154	project	active	projects/gp154_scaling_law_exponents/history/1777075534_iter0_score_0_gp154_scaling_law_exponents_dag.json	2026-04-25
GP-154	project	active	projects/gp154_scaling_law_exponents/history/1777075534_iter0_score_0_gp154_scaling_law_exponents_meta.json	2026-04-25
GP-154	project	active	projects/gp154_scaling_law_exponents/history/1777081987_iter0_score_0_gp154_scaling_law_exponents.md	2026-04-25
GP-154	project	active	projects/gp154_scaling_law_exponents/history/1777081987_iter0_score_0_gp154_scaling_law_exponents_dag.json	2026-04-25
GP-154	project	active	projects/gp154_scaling_law_exponents/history/1777081987_iter0_score_0_gp154_scaling_law_exponents_meta.json	2026-04-25
GP-154	project	active	projects/gp154_scaling_law_exponents/history/1777082685_iter0_score_0_gp154_scaling_law_exponents.md	2026-04-25
GP-154	project	active	projects/gp154_scaling_law_exponents/history/1777082685_iter0_score_0_gp154_scaling_law_exponents_dag.json	2026-04-25
GP-154	project	active	projects/gp154_scaling_law_exponents/history/1777082685_iter0_score_0_gp154_scaling_law_exponents_meta.json	2026-04-25
GP-154	project	active	projects/gp154_scaling_law_exponents/history/1777086309_iter0_score_0_gp154_scaling_law_exponents.md	2026-04-25
GP-154	project	active	projects/gp154_scaling_law_exponents/history/1777086309_iter0_score_0_gp154_scaling_law_exponents_dag.json	2026-04-25
GP-154	project	active	projects/gp154_scaling_law_exponents/history/1777086309_iter0_score_0_gp154_scaling_law_exponents_meta.json	2026-04-25
GP-154	project	active	projects/gp154_scaling_law_exponents/history/1777086576_iter0_score_0_gp154_scaling_law_exponents.md	2026-04-25
GP-154	project	active	projects/gp154_scaling_law_exponents/history/1777086576_iter0_score_0_gp154_scaling_law_exponents_dag.json	2026-04-25
GP-154	project	active	projects/gp154_scaling_law_exponents/history/1777086576_iter0_score_0_gp154_scaling_law_exponents_meta.json	2026-04-25
GP-154	project	active	projects/gp154_scaling_law_exponents/history/1777086800_iter0_score_0_gp154_scaling_law_exponents.md	2026-04-25
GP-154	project	active	projects/gp154_scaling_law_exponents/history/1777086800_iter0_score_0_gp154_scaling_law_exponents_dag.json	2026-04-25
GP-154	project	active	projects/gp154_scaling_law_exponents/history/1777086800_iter0_score_0_gp154_scaling_law_exponents_meta.json	2026-04-25
GP-154	project	active	projects/gp154_scaling_law_exponents/history/1777087238_iter0_score_0_gp154_scaling_law_exponents.md	2026-04-25
GP-154	project	active	projects/gp154_scaling_law_exponents/history/1777087238_iter0_score_0_gp154_scaling_law_exponents_dag.json	2026-04-25
GP-154	project	active	projects/gp154_scaling_law_exponents/history/1777087238_iter0_score_0_gp154_scaling_law_exponents_meta.json	2026-04-25
GP-154	project	active	projects/gp154_scaling_law_exponents/history/1777088573_iter0_score_0_gp154_scaling_law_exponents.md	2026-04-25
GP-154	project	active	projects/gp154_scaling_law_exponents/history/1777088573_iter0_score_0_gp154_scaling_law_exponents_dag.json	2026-04-25
GP-154	project	active	projects/gp154_scaling_law_exponents/history/1777088573_iter0_score_0_gp154_scaling_law_exponents_meta.json	2026-04-25
GP-154	project	active	projects/gp154_scaling_law_exponents/history/1777089260_iter0_score_0_gp154_scaling_law_exponents.md	2026-04-25
GP-154	project	active	projects/gp154_scaling_law_exponents/history/1777089260_iter0_score_0_gp154_scaling_law_exponents_dag.json	2026-04-25
GP-154	project	active	projects/gp154_scaling_law_exponents/history/1777089260_iter0_score_0_gp154_scaling_law_exponents_meta.json	2026-04-25
GP-154	project	active	projects/gp154_scaling_law_exponents/history/1777090242_iter0_score_0_gp154_scaling_law_exponents.md	2026-04-25
GP-154	project	active	projects/gp154_scaling_law_exponents/history/1777090242_iter0_score_0_gp154_scaling_law_exponents_dag.json	2026-04-25
GP-154	project	active	projects/gp154_scaling_law_exponents/history/1777090242_iter0_score_0_gp154_scaling_law_exponents_meta.json	2026-04-25
GP-154	project	active	projects/gp154_scaling_law_exponents/history/1777091097_iter0_score_0_gp154_scaling_law_exponents.md	2026-04-25
GP-154	project	active	projects/gp154_scaling_law_exponents/history/1777091097_iter0_score_0_gp154_scaling_law_exponents_dag.json	2026-04-25
GP-154	project	active	projects/gp154_scaling_law_exponents/history/1777091097_iter0_score_0_gp154_scaling_law_exponents_meta.json	2026-04-25
GP-154	project	active	projects/gp154_scaling_law_exponents/history/1777094446_iter0_score_0_gp154_scaling_law_exponents.md	2026-04-25
GP-154	project	active	projects/gp154_scaling_law_exponents/history/1777094446_iter0_score_0_gp154_scaling_law_exponents_dag.json	2026-04-25
GP-154	project	active	projects/gp154_scaling_law_exponents/history/1777094446_iter0_score_0_gp154_scaling_law_exponents_meta.json	2026-04-25
GP-154	project	active	projects/gp154_scaling_law_exponents/history/1777094914_iter0_score_0_gp154_scaling_law_exponents.md	2026-04-25
GP-154	project	active	projects/gp154_scaling_law_exponents/history/1777094914_iter0_score_0_gp154_scaling_law_exponents_dag.json	2026-04-25
GP-154	project	active	projects/gp154_scaling_law_exponents/history/1777094914_iter0_score_0_gp154_scaling_law_exponents_meta.json	2026-04-25
GP-154	project	active	projects/gp154_scaling_law_exponents/history/1777117734_iter0_score_0_gp154_scaling_law_exponents.md	2026-04-25
GP-154	project	active	projects/gp154_scaling_law_exponents/history/1777117734_iter0_score_0_gp154_scaling_law_exponents_dag.json	2026-04-25
GP-154	project	active	projects/gp154_scaling_law_exponents/history/1777117734_iter0_score_0_gp154_scaling_law_exponents_meta.json	2026-04-25
GP-154	project	active	projects/gp154_scaling_law_exponents/history/1777117973_iter0_score_0_gp154_scaling_law_exponents.md	2026-04-25
GP-154	project	active	projects/gp154_scaling_law_exponents/history/1777117973_iter0_score_0_gp154_scaling_law_exponents_dag.json	2026-04-25
GP-154	project	active	projects/gp154_scaling_law_exponents/history/1777117973_iter0_score_0_gp154_scaling_law_exponents_meta.json	2026-04-25
GP-154	project	active	projects/gp154_scaling_law_exponents/history/1777118700_iter0_score_0_gp154_scaling_law_exponents.md	2026-04-25
GP-154	project	active	projects/gp154_scaling_law_exponents/history/1777118700_iter0_score_0_gp154_scaling_law_exponents_dag.json	2026-04-25
GP-154	project	active	projects/gp154_scaling_law_exponents/history/1777118700_iter0_score_0_gp154_scaling_law_exponents_meta.json	2026-04-25
GP-154	project	active	projects/gp154_scaling_law_exponents/history/1777119547_iter0_score_0_gp154_scaling_law_exponents.md	2026-04-25
GP-154	project	active	projects/gp154_scaling_law_exponents/history/1777119547_iter0_score_0_gp154_scaling_law_exponents_dag.json	2026-04-25
GP-154	project	active	projects/gp154_scaling_law_exponents/history/1777119547_iter0_score_0_gp154_scaling_law_exponents_meta.json	2026-04-25
GP-154	rubric	active	rubrics/gp154_scaling_law_exponents.json	2026-04-25
GP-154	seam	active	research_areas/private/seams/engine/GP-154_learning_mechanics_scaling_exponents_seam.md	2026-04-24
GP-155	project	active	projects/gp155_synthetic_dense_d_N_substrate	2026-04-25
GP-155	project	active	projects/gp155_synthetic_dense_d_N_substrate/history/1777083875_iter0_score_0_gp155_synthetic_dense_d_N_substrate.md	2026-04-25
GP-155	project	active	projects/gp155_synthetic_dense_d_N_substrate/history/1777083875_iter0_score_0_gp155_synthetic_dense_d_N_substrate_dag.json	2026-04-25
GP-155	project	active	projects/gp155_synthetic_dense_d_N_substrate/history/1777083875_iter0_score_0_gp155_synthetic_dense_d_N_substrate_meta.json	2026-04-25
GP-155	project	active	projects/gp155_synthetic_dense_d_N_substrate/history/1777086251_iter0_score_0_gp155_synthetic_dense_d_N_substrate.md	2026-04-25
GP-155	project	active	projects/gp155_synthetic_dense_d_N_substrate/history/1777086251_iter0_score_0_gp155_synthetic_dense_d_N_substrate_dag.json	2026-04-25
GP-155	project	active	projects/gp155_synthetic_dense_d_N_substrate/history/1777086251_iter0_score_0_gp155_synthetic_dense_d_N_substrate_meta.json	2026-04-25
GP-155	project	active	projects/gp155_synthetic_dense_d_N_substrate/history/1777086801_iter0_score_0_gp155_synthetic_dense_d_N_substrate.md	2026-04-25
GP-155	project	active	projects/gp155_synthetic_dense_d_N_substrate/history/1777086801_iter0_score_0_gp155_synthetic_dense_d_N_substrate_dag.json	2026-04-25
GP-155	project	active	projects/gp155_synthetic_dense_d_N_substrate/history/1777086801_iter0_score_0_gp155_synthetic_dense_d_N_substrate_meta.json	2026-04-25
GP-155	project	active	projects/gp155_synthetic_dense_d_N_substrate/history/1777088587_iter0_score_0_gp155_synthetic_dense_d_N_substrate.md	2026-04-25
GP-155	project	active	projects/gp155_synthetic_dense_d_N_substrate/history/1777088587_iter0_score_0_gp155_synthetic_dense_d_N_substrate_dag.json	2026-04-25
GP-155	project	active	projects/gp155_synthetic_dense_d_N_substrate/history/1777088587_iter0_score_0_gp155_synthetic_dense_d_N_substrate_meta.json	2026-04-25
GP-155	project	active	projects/gp155_synthetic_dense_d_N_substrate/history/1777089261_iter0_score_0_gp155_synthetic_dense_d_N_substrate.md	2026-04-25
GP-155	project	active	projects/gp155_synthetic_dense_d_N_substrate/history/1777089261_iter0_score_0_gp155_synthetic_dense_d_N_substrate_dag.json	2026-04-25
GP-155	project	active	projects/gp155_synthetic_dense_d_N_substrate/history/1777089261_iter0_score_0_gp155_synthetic_dense_d_N_substrate_meta.json	2026-04-25
GP-155	project	active	projects/gp155_synthetic_dense_d_N_substrate/history/1777090244_iter0_score_0_gp155_synthetic_dense_d_N_substrate.md	2026-04-25
GP-155	project	active	projects/gp155_synthetic_dense_d_N_substrate/history/1777090244_iter0_score_0_gp155_synthetic_dense_d_N_substrate_dag.json	2026-04-25
GP-155	project	active	projects/gp155_synthetic_dense_d_N_substrate/history/1777090244_iter0_score_0_gp155_synthetic_dense_d_N_substrate_meta.json	2026-04-25
GP-155	project	active	projects/gp155_synthetic_dense_d_N_substrate/history/1777091772_iter0_score_0_gp155_synthetic_dense_d_N_substrate.md	2026-04-25
GP-155	project	active	projects/gp155_synthetic_dense_d_N_substrate/history/1777091772_iter0_score_0_gp155_synthetic_dense_d_N_substrate_dag.json	2026-04-25
GP-155	project	active	projects/gp155_synthetic_dense_d_N_substrate/history/1777091772_iter0_score_0_gp155_synthetic_dense_d_N_substrate_meta.json	2026-04-25
GP-155	project	active	projects/gp155_synthetic_dense_d_N_substrate/history/1777093102_iter0_score_0_gp155_synthetic_dense_d_N_substrate.md	2026-04-25
GP-155	project	active	projects/gp155_synthetic_dense_d_N_substrate/history/1777093102_iter0_score_0_gp155_synthetic_dense_d_N_substrate_dag.json	2026-04-25
GP-155	project	active	projects/gp155_synthetic_dense_d_N_substrate/history/1777093102_iter0_score_0_gp155_synthetic_dense_d_N_substrate_meta.json	2026-04-25
GP-155	project	active	projects/gp155_synthetic_dense_d_N_substrate/history/1777093904_iter2_score_94_gp155_synthetic_dense_d_N_substrate.md	2026-04-25
GP-155	project	active	projects/gp155_synthetic_dense_d_N_substrate/history/1777093904_iter2_score_94_gp155_synthetic_dense_d_N_substrate_dag.json	2026-04-25
GP-155	project	active	projects/gp155_synthetic_dense_d_N_substrate/history/1777093904_iter2_score_94_gp155_synthetic_dense_d_N_substrate_meta.json	2026-04-25
GP-155	rubric	active	rubrics/gp155_synthetic_dense_d_N_substrate.json	2026-04-25
GP-156	project	active	projects/gp156_apparatus_hardening_review	2026-04-25
GP-156	project	active	projects/gp156_apparatus_hardening_review/history/1777087027_iter0_score_0_gp156_apparatus_hardening_review.md	2026-04-25
GP-156	project	active	projects/gp156_apparatus_hardening_review/history/1777087027_iter0_score_0_gp156_apparatus_hardening_review_dag.json	2026-04-25
GP-156	project	active	projects/gp156_apparatus_hardening_review/history/1777087027_iter0_score_0_gp156_apparatus_hardening_review_meta.json	2026-04-25
GP-156	project	active	projects/gp156_apparatus_hardening_review/history/1777087511_iter0_score_0_gp156_apparatus_hardening_review.md	2026-04-25
GP-156	project	active	projects/gp156_apparatus_hardening_review/history/1777087511_iter0_score_0_gp156_apparatus_hardening_review_dag.json	2026-04-25
GP-156	project	active	projects/gp156_apparatus_hardening_review/history/1777087511_iter0_score_0_gp156_apparatus_hardening_review_meta.json	2026-04-25
GP-156	project	active	projects/gp156_apparatus_hardening_review/history/1777088502_iter0_score_80_gp156_apparatus_hardening_review.md	2026-04-25
GP-156	project	active	projects/gp156_apparatus_hardening_review/history/1777088502_iter0_score_80_gp156_apparatus_hardening_review_dag.json	2026-04-25
GP-156	project	active	projects/gp156_apparatus_hardening_review/history/1777088502_iter0_score_80_gp156_apparatus_hardening_review_meta.json	2026-04-25
GP-156	project	active	projects/gp156_apparatus_hardening_review/history/1777088783_iter0_score_84_gp156_apparatus_hardening_review.md	2026-04-25
GP-156	project	active	projects/gp156_apparatus_hardening_review/history/1777088783_iter0_score_84_gp156_apparatus_hardening_review_dag.json	2026-04-25
GP-156	project	active	projects/gp156_apparatus_hardening_review/history/1777088783_iter0_score_84_gp156_apparatus_hardening_review_meta.json	2026-04-25
GP-156	project	active	projects/gp156_apparatus_hardening_review/history/1777089053_iter0_score_86_gp156_apparatus_hardening_review.md	2026-04-25
GP-156	project	active	projects/gp156_apparatus_hardening_review/history/1777089053_iter0_score_86_gp156_apparatus_hardening_review_dag.json	2026-04-25
GP-156	project	active	projects/gp156_apparatus_hardening_review/history/1777089053_iter0_score_86_gp156_apparatus_hardening_review_meta.json	2026-04-25
GP-156	project	active	projects/gp156_apparatus_hardening_review/history/1777089257_iter0_score_92_gp156_apparatus_hardening_review.md	2026-04-25
GP-156	project	active	projects/gp156_apparatus_hardening_review/history/1777089257_iter0_score_92_gp156_apparatus_hardening_review_dag.json	2026-04-25
GP-156	project	active	projects/gp156_apparatus_hardening_review/history/1777089257_iter0_score_92_gp156_apparatus_hardening_review_meta.json	2026-04-25
GP-156	project	active	projects/gp156_apparatus_hardening_review/history/1777089257_iter1_score_98_gp156_apparatus_hardening_review.md	2026-04-25
GP-156	project	active	projects/gp156_apparatus_hardening_review/history/1777089257_iter1_score_98_gp156_apparatus_hardening_review_dag.json	2026-04-25
GP-156	project	active	projects/gp156_apparatus_hardening_review/history/1777089257_iter1_score_98_gp156_apparatus_hardening_review_meta.json	2026-04-25
GP-156	project	active	projects/gp156_apparatus_hardening_review/history/1777090248_iter0_score_97_gp156_apparatus_hardening_review.md	2026-04-25
GP-156	project	active	projects/gp156_apparatus_hardening_review/history/1777090248_iter0_score_97_gp156_apparatus_hardening_review_dag.json	2026-04-25
GP-156	project	active	projects/gp156_apparatus_hardening_review/history/1777090248_iter0_score_97_gp156_apparatus_hardening_review_meta.json	2026-04-25
GP-156	rubric	active	rubrics/gp156_apparatus_hardening_review.json	2026-04-25
GP-156	spec	shipped	research_areas/private/specs/active/GP-156_apparatus_hardening_proposal.md	2026-04-25
GP-157	seam	active	research_areas/private/seams/GP-157_cage_orchestrator_substrate_agnostic_dispatch.md	2026-04-25
GP-157	spec	active	research_areas/private/specs/active/GP-157_cage_v5_implementation_spec.md	2026-04-25
GP-158	project	active	projects/gp158_v5_cage_orchestrator_audit	2026-04-25
GP-158	project	active	projects/gp158_v5_cage_orchestrator_audit/history/1777119550_iter0_score_2_gp158_v5_cage_orchestrator_audit.md	2026-04-25
GP-158	project	active	projects/gp158_v5_cage_orchestrator_audit/history/1777119550_iter0_score_2_gp158_v5_cage_orchestrator_audit_dag.json	2026-04-25
GP-158	project	active	projects/gp158_v5_cage_orchestrator_audit/history/1777119550_iter0_score_2_gp158_v5_cage_orchestrator_audit_meta.json	2026-04-25
GP-158	project	active	projects/gp158_v5_cage_orchestrator_audit/history/1777119550_iter1_score_72_gp158_v5_cage_orchestrator_audit.md	2026-04-25
GP-158	project	active	projects/gp158_v5_cage_orchestrator_audit/history/1777119550_iter1_score_72_gp158_v5_cage_orchestrator_audit_dag.json	2026-04-25
GP-158	project	active	projects/gp158_v5_cage_orchestrator_audit/history/1777119550_iter1_score_72_gp158_v5_cage_orchestrator_audit_meta.json	2026-04-25
GP-158	project	active	projects/gp158_v5_cage_orchestrator_audit/history/1777120668_iter0_score_82_gp158_v5_cage_orchestrator_audit.md	2026-04-25
GP-158	project	active	projects/gp158_v5_cage_orchestrator_audit/history/1777120668_iter0_score_82_gp158_v5_cage_orchestrator_audit_dag.json	2026-04-25
GP-158	project	active	projects/gp158_v5_cage_orchestrator_audit/history/1777120668_iter0_score_82_gp158_v5_cage_orchestrator_audit_meta.json	2026-04-25
GP-158	rubric	active	rubrics/gp158_v5_cage_orchestrator_audit.json	2026-04-25
GP-159	project	active	projects/gp159_retrieval_trap	2026-04-25
GP-159	project	active	projects/gp159_retrieval_trap/history/1777126789_iter0_score_0_gp159_retrieval_trap.md	2026-04-25
GP-159	project	active	projects/gp159_retrieval_trap/history/1777126789_iter0_score_0_gp159_retrieval_trap_dag.json	2026-04-25
GP-159	project	active	projects/gp159_retrieval_trap/history/1777126789_iter0_score_0_gp159_retrieval_trap_meta.json	2026-04-25
GP-159	rubric	active	rubrics/gp159_retrieval_trap.json	2026-04-25
GP-160	project	active	projects/gp160_asymptotic_wall	2026-04-25
GP-160	rubric	active	rubrics/gp160_asymptotic_wall.json	2026-04-25
GP-161	project	active	projects/gp161_mdl_anti_goodhart	2026-04-25
GP-161	rubric	active	rubrics/gp161_mdl_anti_goodhart.json	2026-04-25
GP-162	seam	active	research_areas/private/seams/engine/GP-162_convention_homogeneity_enforcement_seam.md	2026-04-25
